Galaxy M11 Dual SIM Metallic Blue 3GB RAM 32GB 4G LTE ,galaxy-m11-dual-sim-metallic-blue-3gb-ram-32gb-4g-lte
Redmi Note 8 Pro Dual SIM Mineral Grey 6GB RAM 128GB 4G LTE ,redmi-note-8-pro-dual-sim-mineral-grey-6gb-ram-128gb-4g-lte
Poco X3 Dual SIM Shadow Gray NFC 6GB RAM 64GB 4G LTE ,poco-x3-dual-sim-shadow-gray-nfc-6gb-ram-64gb-4g-lte
Redmi Note 9 Pro Global Specs Dual SIM Interstellar Grey 128GB/6GB RAM 4G LTE ,redmi-note-9-pro-global-specs-dual-sim-interstellar-grey-128gb-6gb-ram-4g-lte
Galaxy A21s Dual SIM Blue 4GB RAM 64GB 4G LTE ,galaxy-a21s-dual-sim-blue-4gb-ram-64gb-4g-lte
Galaxy M31 Dual SIM Black 6GB RAM 128GB 4G LTE ,galaxy-m31-dual-sim-black-6gb-ram-128gb-4g-lte
Poco X3 Dual SIM Cobalt Blue NFC 6GB RAM 64GB 4G LTE ,poco-x3-dual-sim-cobalt-blue-nfc-6gb-ram-64gb-4g-lte
Galaxy M11 Dual SIM Black 3GB RAM 32GB 4G LTE ,galaxy-m11-dual-sim-black-3gb-ram-32gb-4g-lte
A15 Dual SIM Fancy White 2GB RAM 32GB 4G LTE ,a15-dual-sim-fancy-white-2gb-ram-32gb-4g-lte
Galaxy A21s Dual SIM Black 4GB RAM 64GB 4G LTE ,galaxy-a21s-dual-sim-black-4gb-ram-64gb-4g-lte
Galaxy M31 Dual SIM Blue 6GB RAM 128GB 4G LTE ,galaxy-m31-dual-sim-blue-6gb-ram-128gb-4g-lte
Galaxy A01 Core Dual SIM Blue 1GB RAM 16GB 4G LTE ,galaxy-a01-core-dual-sim-blue-1gb-ram-16gb-4g-lte
Redmi 8A Dual SIM Sunset Red 2GB RAM 32GB 4G LTE ,redmi-8a-dual-sim-sunset-red-2gb-ram-32gb-4g-lte
Poco X3 Dual SIM Cobalt Blue NFC 6GB RAM 64GB 4G LTE with Mi Band 4 Gift Set ,poco-x3-dual-sim-cobalt-blue-nfc-6gb-ram-64gb-4g-lte-with-mi-band-4-gift-set
Y6P Dual SIM Emerald Green 3GB RAM 64GB 4G LTE ,y6p-dual-sim-emerald-green-3gb-ram-64gb-4g-lte
WE2021 Dual SIM Black/Green 32MB RAM 32MB 2G ,we2021-dual-sim-black-green-32mb-ram-32mb-2g
Note 8 Dual SIM Deepsea Luster 6GB RAM 128GB 4G LTE With Infinix XE16 Earbuds ,note-8-dual-sim-deepsea-luster-6gb-ram-128gb-4g-lte-with-infinix-xe16-earbuds
WE2021 Dual SIM Dark Blue 32MB RAM 32MB 2G ,we2021-dual-sim-dark-blue-32mb-ram-32mb-2g
KR8 Dual SIM Black 2G ,kr8-dual-sim-black-2g
WE2021 Dual SIM Black 32MB RAM 32MB 2G ,we2021-dual-sim-black-32mb-ram-32mb-2g
"KR7 Dual SIM Mobile Phone Orange, 1.77 Inch, 2G ",kr7-dual-sim-mobile-phone-orange-1-77-inch-2g
KR10 Dual SIM Black 2G ,kr10-dual-sim-black-2g
KR20 Dual SIM Blue 32GB 2G ,kr20-dual-sim-blue-32gb-2g
We2022 Dual SIM Black/Purple 32MB RAM 32MB 2G ,we2022-dual-sim-black-purple-32mb-ram-32mb-2g
We2022 Dual SIM Black/Blue 32MB RAM 32MB 2G ,we2022-dual-sim-black-blue-32mb-ram-32mb-2g
Nova 7I Dual SIM Midnight Black 8GB RAM 128GB 4G LTE ,nova-7i-dual-sim-midnight-black-8gb-ram-128gb-4g-lte
106 Dual SIM Dark Grey 4MB 2G ,106-dual-sim-dark-grey-4mb-2g
IFoo U50 Dual SIM Black Gold 1GB RAM 16GB 3G ,ifoo-u50-dual-sim-black-gold-1gb-ram-16gb-3g
KR10 Dual SIM White 2G ,kr10-dual-sim-white-2g
A6 Mini Dual SIM Black 32MB 2G ,a6-mini-dual-sim-black-32mb-2g
A6 Mini Dual SIM Red 32MB 2G ,a6-mini-dual-sim-red-32mb-2g
We2050 Dual SIM Black 32MB RAM 32MB 2G ,we2050-dual-sim-black-32mb-ram-32mb-2g
130 Dual SIM Black 4MB RAM 2G ,130-dual-sim-black-4mb-ram-2g
150 Dual SIM Black 2G ,150-dual-sim-black-2g
KR8 Dual SIM Blue 2G ,kr8-dual-sim-blue-2g
Plex Dual SIM Obsidian Black 6GB RAM 128GB 4G LTE With Power Bank ,plex-dual-sim-obsidian-black-6gb-ram-128gb-4g-lte-with-power-bank
Galaxy A11 Dual SIM Black 2GB RAM 32GB 4G LTE ,galaxy-a11-dual-sim-black-2gb-ram-32gb-4g-lte
BM10 Wireless Dialer Mini Dual SIM Grey 32MB 2G ,bm10-wireless-dialer-mini-dual-sim-grey-32mb-2g
A25 Dual Sim Black 2G ,a25-dual-sim-black-2g
Y7 Prime 2019 Dual SIM Midnight Black 3GB RAM 64GB 4G LTE ,y7-prime-2019-dual-sim-midnight-black-3gb-ram-64gb-4g-lte
150 Dual SIM Black 2G ,150-dual-sim-black-2g
BM10 Wireless Dialer Mini Dual SIM Black 32MB RAM 2G ,bm10-wireless-dialer-mini-dual-sim-black-32mb-ram-2g
C2 Dual SIM Charcoal 1GB RAM 16GB 4G LTE ,c2-dual-sim-charcoal-1gb-ram-16gb-4g-lte
Y6 Prime 2019 Dual SIM Amber Brown 32GB 2GB RAM 4G LTE ,y6-prime-2019-dual-sim-amber-brown-32gb-2gb-ram-4g-lte
KR18 Dual SIM Blue 256MB RAM 512 MB 2G ,kr18-dual-sim-blue-256mb-ram-512-mb-2g
G20 Dual SIM White/Grey 32MB RAM 32MB 2G ,g20-dual-sim-white-grey-32mb-ram-32mb-2g
Spark 6 Dual SIM Comet Black 4GB RAM 64GB 4G LTE With Charging Power Bank Gift ,spark-6-dual-sim-comet-black-4gb-ram-64gb-4g-lte-with-charging-power-bank-gift
Reno 3 Dual SIM Auroral Blue 8GB RAM 128GB 4G LTE ,reno-3-dual-sim-auroral-blue-8gb-ram-128gb-4g-lte
We2022 Dual SIM Black 32MB RAM 32MB 2G ,we2022-dual-sim-black-32mb-ram-32mb-2g
Spark 5 Pro Dual SIM Seabed Blue 4 GB RAM 64GB 4G LTE ,spark-5-pro-dual-sim-seabed-blue-4-gb-ram-64gb-4g-lte
Extra 2 Dual SIM Black Red 32MB 2G ,extra-2-dual-sim-black-red-32mb-2g
D5 Dual SIM Dark Blue 16MB RAM 16MB 2G ,d5-dual-sim-dark-blue-16mb-ram-16mb-2g
F101 Dual SIM Grey 32MB RAM 32MB 2G ,f101-dual-sim-grey-32mb-ram-32mb-2g
KR8 Dual SIM Black 2G ,kr8-dual-sim-black-2g
D10 Dual SIM Black 16MB 16MB 2G ,d10-dual-sim-black-16mb-16mb-2g
Mini V Dual SIM Black 32MB 32MB 2G ,mini-v-dual-sim-black-32mb-32mb-2g
F101 Dual SIM Black 32MB RAM 32MB 2G ,f101-dual-sim-black-32mb-ram-32mb-2g
D10 Dual SIM Blue 16MB 16MB 2G ,d10-dual-sim-blue-16mb-16mb-2g
C1 Dual SIM Charcoal 1GB RAM 16GB 3G ,c1-dual-sim-charcoal-1gb-ram-16gb-3g
iPhone 7 Plus With FaceTime Silver 32GB 4G LTE - Egypt Specs ,iphone-7-plus-with-facetime-silver-32gb-4g-lte-egypt-specs
Energy E12 Dual SIM Black 32MB RAM 2G ,energy-e12-dual-sim-black-32mb-ram-2g
Galaxy A11 Dual SIM Blue 2GB RAM 32GB 4G LTE ,galaxy-a11-dual-sim-blue-2gb-ram-32gb-4g-lte
Nova 7i Dual SIM Crush Green 8GB RAM 128GB 4G LTE ,nova-7i-dual-sim-crush-green-8gb-ram-128gb-4g-lte
105 Black 4MB 2G ,105-black-4mb-2g
Mi 9T Dual SIM Flame Red 128GB 6GB RAM 4G LTE ,mi-9t-dual-sim-flame-red-128gb-6gb-ram-4g-lte
Spark 5 Pro Dual SIM Spark Orange 4 GB RAM 64GB 4G LTE ,spark-5-pro-dual-sim-spark-orange-4-gb-ram-64gb-4g-lte
Y7p Dual SIM Aurora Blue 4GB RAM 64GB 4G LTE ,y7p-dual-sim-aurora-blue-4gb-ram-64gb-4g-lte
BM10 Mini Dual SIM Pink 32MB 2G ,bm10-mini-dual-sim-pink-32mb-2g
3.2 Dual SIM Black 3GB RAM 64GB 4G LTE ,3-2-dual-sim-black-3gb-ram-64gb-4g-lte
Galaxy Note 10 Plus Aura Black 12GB RAM 256GB 4G LTE ,galaxy-note-10-plus-aura-black-12gb-ram-256gb-4g-lte
Redmi 9A Dual SIM Granite Grey 2GB RAM 32GB 4G LTE (Global Version) ,redmi-9a-dual-sim-granite-grey-2gb-ram-32gb-4g-lte-global-version
Galaxy Note10+ Dual SIM Aura Glow 12GB RAM 256GB 4G LTE ,galaxy-note10-dual-sim-aura-glow-12gb-ram-256gb-4g-lte
More 3 Dual SIM Black 4GB 3G ,more-3-dual-sim-black-4gb-3g
105 Dual SIM Blue 4MB 2G ,105-dual-sim-blue-4mb-2g
Galaxy S20 Plus Dual SIM Cosmic Gray 8GB RAM 128GB 4G LTE - International Version ,galaxy-s20-plus-dual-sim-cosmic-gray-8gb-ram-128gb-4g-lte-international-version
Infinix Smart 5 Quetzal Cyan 32 GB 2 GB with infinix wired headphones as gift ,infinix-smart-5-quetzal-cyan-32-gb-2-gb-with-infinix-wired-headphones-as-gift
A600 Dual SIM Black 16MB RAM 16MB 2G ,a600-dual-sim-black-16mb-ram-16mb-2g
Y8P Dual SIM Breathing Crystal 6GB RAM 128GB 4G LTE ,y8p-dual-sim-breathing-crystal-6gb-ram-128gb-4g-lte
Galaxy A10s Dual SIM Black 2GB RAM 32GB 4G LTE ,galaxy-a10s-dual-sim-black-2gb-ram-32gb-4g-lte
210 Dual SIM Charcoal 16MB RAM 16 MB 2G ,210-dual-sim-charcoal-16mb-ram-16-mb-2g
BM10 Wireless Dialer Mini Dual SIM Orange 32MB 2G ,bm10-wireless-dialer-mini-dual-sim-orange-32mb-2g
Smart 5 Dual SIM Ocean Wave 2GB RAM 32GB 4G LTE ,smart-5-dual-sim-ocean-wave-2gb-ram-32gb-4g-lte
105 Dual SIM Pink 4MB RAM 4MB 2G ,105-dual-sim-pink-4mb-ram-4mb-2g
105 Dual SIM Black  4MB 2G ,105-dual-sim-black-4mb-2g
220 Dual SIM Blue 24MB 4G LTE ,220-dual-sim-blue-24mb-4g-lte
We2050 Dual SIM Gold 32MB RAM 32MB 2G ,we2050-dual-sim-gold-32mb-ram-32mb-2g
Mi 10T Dual Sim Cosmic Black 8GB RAM 128GB 5G With Xiaomi Mi Band 5 ,mi-10t-dual-sim-cosmic-black-8gb-ram-128gb-5g-with-xiaomi-mi-band-5
Y7A Dual SIM Crush Green 4GB RAM 128GB 4G LTE ,y7a-dual-sim-crush-green-4gb-ram-128gb-4g-lte
2053D Dual Sim Volcano Black 4MB 2G ,2053d-dual-sim-volcano-black-4mb-2g
Y8s Dual SIM Midnight Black 4GB RAM 64GB 4G LTE ,y8s-dual-sim-midnight-black-4gb-ram-64gb-4g-lte
Infinix Smart 5 Ocean Wave 32 GB ROM 2 GB RAM with infinix wired headphones as gift ,infinix-smart-5-ocean-wave-32-gb-rom-2-gb-ram-with-infinix-wired-headphones-as-gift
110  Dual SIM Black 4MB RAM 4MB 2G ,110-dual-sim-black-4mb-ram-4mb-2g
Smart 5 Dual SIM Midnight Black 2GB RAM 32GB 4G LTE ,smart-5-dual-sim-midnight-black-2gb-ram-32gb-4g-lte
More 3 Dual SIM Blue 4GB 3G ,more-3-dual-sim-blue-4gb-3g
iTel 2160 Dual SIM Blue 4MB 2G ,itel-2160-dual-sim-blue-4mb-2g
Reno 4 Dual SIM Space Black 8GB RAM 128GB 4G LTE ,reno-4-dual-sim-space-black-8gb-ram-128gb-4g-lte
Plex Dual SIM Opal White 6GB RAM 128GB 4G LTE With Power Bank ,plex-dual-sim-opal-white-6gb-ram-128gb-4g-lte-with-power-bank
5.3 Dual SIM Cyan 4GB RAM 64GB 4G LTE ,5-3-dual-sim-cyan-4gb-ram-64gb-4g-lte
Redmi 8A Dual SIM Ocean Blue 2GB RAM 32GB 4G LTE ,redmi-8a-dual-sim-ocean-blue-2gb-ram-32gb-4g-lte
A15 Dual SIM Grey 2G ,a15-dual-sim-grey-2g
"Huawei Y7a Mobile Phone, Dual SIM - 128 GB, 4 GB RAM, 4G LTE - Midnight Black with Huawei Band 3E Watch - Black ",huawei-y7a-mobile-phone-dual-sim-128-gb-4-gb-ram-4g-lte-midnight-black-with-huawei-band-3e-watch-black
Galaxy Note10 Lite Aura Black 8GB RAM 128GB 4G LTE ,galaxy-note10-lite-aura-black-8gb-ram-128gb-4g-lte
F104 Dual Sim Black 32MB 2G Network ,f104-dual-sim-black-32mb-2g-network
We2050 Dual SIM Dark Blue 32MB RAM 32MB 2G ,we2050-dual-sim-dark-blue-32mb-ram-32mb-2g
Y6P Dual SIM Midnight Black 3GB RAM 64GB 4G LTE ,y6p-dual-sim-midnight-black-3gb-ram-64gb-4g-lte
BM10 Dual SIM Red 32MB 2G ,bm10-dual-sim-red-32mb-2g
Y9A Dual SIM Space Silver 8GB RAM 128GB 4G LTE With Charging Power Bank 10000 mAh ,y9a-dual-sim-space-silver-8gb-ram-128gb-4g-lte-with-charging-power-bank-10000-mah
IKU F105 Dual Sim Black 32MB RAM 32MB 3G ,iku-f105-dual-sim-black-32mb-ram-32mb-3g
Hot 10 X682B Dual Sim Red 4GB RAM 64GB 4G LTE ,hot-10-x682b-dual-sim-red-4gb-ram-64gb-4g-lte
220 Dual SIM Black 24MB 4G LTE ,220-dual-sim-black-24mb-4g-lte
R300 Dual SIM Grey 32MB RAM 32MB 2G ,r300-dual-sim-grey-32mb-ram-32mb-2g
WE2021 Dual SIM Black Red 32MB RAM 32MB 2G ,we2021-dual-sim-black-red-32mb-ram-32mb-2g
Galaxy Note10 Lite Aura Glow 8GB RAM 128GB 4G LTE ,galaxy-note10-lite-aura-glow-8gb-ram-128gb-4g-lte
7 Pro Dual Sim Mirror Blue 8GB RAM 128GB 4G LTE ,7-pro-dual-sim-mirror-blue-8gb-ram-128gb-4g-lte
Smart 5 Dual SIM Quetzal Cyan 2GB RAM 32GB 4G LTE ,smart-5-dual-sim-quetzal-cyan-2gb-ram-32gb-4g-lte
Y6s Dual SIM Starry Black 3GB RAM 64GB 4G LTE ,y6s-dual-sim-starry-black-3gb-ram-64gb-4g-lte
1067 Dual SIM Black 4MB RAM 2G ,1067-dual-sim-black-4mb-ram-2g
Galaxy A11 Dual Sim Black 2GB RAM 32GB 4G LTE ,galaxy-a11-dual-sim-black-2gb-ram-32gb-4g-lte
iPhone 11 With FaceTime Black 64GB 4G LTE - Egypt Specs ,iphone-11-with-facetime-black-64gb-4g-lte-egypt-specs
iPhone 8 Plus With FaceTime Gold 128GB 4G LTE - International Specs ,iphone-8-plus-with-facetime-gold-128gb-4g-lte-international-specs
150 (2020) Dual Sim Black 4MB 2G ,150-2020-dual-sim-black-4mb-2g
F18 - Dual SIM Gold 2G ,f18-dual-sim-gold-2g
F104 Dual Sim Grey 32MB 2G Network ,f104-dual-sim-grey-32mb-2g-network
5310 Dual SIM Black/Red 8MB RAM 16MB 2G ,5310-dual-sim-black-red-8mb-ram-16mb-2g
105 Dual SIM Black 4MB RAM 2G ,105-dual-sim-black-4mb-ram-2g
IKU F105 Dual Sim Blue 32MB RAM 32MB 3G ,iku-f105-dual-sim-blue-32mb-ram-32mb-3g
Redmi Note 9S Dual SIM Aurora Blue 6GB RAM 128GB 4G LTE ,redmi-note-9s-dual-sim-aurora-blue-6gb-ram-128gb-4g-lte
10 Plus Dual SIM Starlight Silver 6GB RAM 256 GB 4G LTE ,10-plus-dual-sim-starlight-silver-6gb-ram-256-gb-4g-lte
5.3 Dual SIM Sand 4GB RAM 64GB 4G LTE ,5-3-dual-sim-sand-4gb-ram-64gb-4g-lte
Galaxy M51 Dual SIM Celestial Black 8GB RAM 128GB 4G LTE ,galaxy-m51-dual-sim-celestial-black-8gb-ram-128gb-4g-lte
iPhone 11 Pro With FaceTime Midnight Green 64GB 4G LTE - Egypt Specs ,iphone-11-pro-with-facetime-midnight-green-64gb-4g-lte-egypt-specs
Mi 10T Pro Dual Sim Cosmic Black 8GB RAM 256GB 5G With Xiaomi Mi Band 5 ,mi-10t-pro-dual-sim-cosmic-black-8gb-ram-256gb-5g-with-xiaomi-mi-band-5
5081 Triple Sim Black 8 MB RAM 8 MB 2G ,5081-triple-sim-black-8-mb-ram-8-mb-2g
K19 Quad SIM Black 32MB ,k19-quad-sim-black-32mb
Redmi Note 9 Dual SIM Midnight Grey 3GB RAM 64GB 4G LTE ,redmi-note-9-dual-sim-midnight-grey-3gb-ram-64gb-4g-lte
Note 8 Dual SIM Deepsea Luster 6GB RAM 128GB 4G LTE ,note-8-dual-sim-deepsea-luster-6gb-ram-128gb-4g-lte
C15 Dual Sim Marine Blue 4GB RAM 64GB 4G LTE ,c15-dual-sim-marine-blue-4gb-ram-64gb-4g-lte
Nova 5T Dual SIM Midsummer Purple 8GB RAM 128GB 4G LTE ,nova-5t-dual-sim-midsummer-purple-8gb-ram-128gb-4g-lte
10 Lite Dual SIM Marina Blue 6GB RAM 128GB 4G LTE With Power Bank ,10-lite-dual-sim-marina-blue-6gb-ram-128gb-4g-lte-with-power-bank
Redmi Note 9S Dual SIM Grey 4GB RAM 64GB 4G LTE ,redmi-note-9s-dual-sim-grey-4gb-ram-64gb-4g-lte
Y9A Dual SIM Midnight Black 8GB RAM 128GB 4G LTE ,y9a-dual-sim-midnight-black-8gb-ram-128gb-4g-lte
nova 7 Dual SIM Space Silver 8GB RAM 256GB 5G LTE ,nova-7-dual-sim-space-silver-8gb-ram-256gb-5g-lte
5081 Triple Sim Blue 8 MB RAM 8 MB 2G ,5081-triple-sim-blue-8-mb-ram-8-mb-2g
8X Dual SIM Phantom Blue 128GB 4GB RAM 4G LTE ,8x-dual-sim-phantom-blue-128gb-4gb-ram-4g-lte
KR20 Dual SIM Red 2G ,kr20-dual-sim-red-2g
A15 Dual SIM Mystery Blue 2GB RAM 32GB 4G LTE ,a15-dual-sim-mystery-blue-2gb-ram-32gb-4g-lte
X1i Dual SIM - Black ,x1i-dual-sim-black
C17 Dual Sim Navy Blue 6GB RAM 128GB 4G LTE ,c17-dual-sim-navy-blue-6gb-ram-128gb-4g-lte
Hot 9 play Dual SIM Quetzal Cyan 3GB RAM 64 GB 4G LTE ,hot-9-play-dual-sim-quetzal-cyan-3gb-ram-64-gb-4g-lte
Note 7 Lite Dual SIM Violet 4GB RAM 128GB 4G LTE ,note-7-lite-dual-sim-violet-4gb-ram-128gb-4g-lte
7 Dual SIM Mist White 8GB RAM 128GB 4G LTE ,7-dual-sim-mist-white-8gb-ram-128gb-4g-lte
Redmi 8A Dual SIM Midnight Black 2GB RAM 32GB 4G LTE ,redmi-8a-dual-sim-midnight-black-2gb-ram-32gb-4g-lte
M51 Dual SIM Black 8GB RAM 128GB 4G LTE With Samsung GT2S True Wireless Earphones And VIP Card ,m51-dual-sim-black-8gb-ram-128gb-4g-lte-with-samsung-gt2s-true-wireless-earphones-and-vip-card
F105 Dual Sim Black 32MB 2G Network ,f105-dual-sim-black-32mb-2g-network
A52 Dual SIM Twilight Black 4GB RAM 128GB 4G LTE ,a52-dual-sim-twilight-black-4gb-ram-128gb-4g-lte
D1 Dual SIM 16MB RAM 16MB 2G Black/Red ,d1-dual-sim-16mb-ram-16mb-2g-black-red
A73 Dual SIM Navy Blue 6GB RAM 128GB 4G LTE ,a73-dual-sim-navy-blue-6gb-ram-128gb-4g-lte
C15 Dual SIM Marine Blue 4GB RAM 128GB 4G LTE ,c15-dual-sim-marine-blue-4gb-ram-128gb-4g-lte
Hot 9 Play Dual SIM Midnight Black 2GB RAM 32GB 4G LTE ,hot-9-play-dual-sim-midnight-black-2gb-ram-32gb-4g-lte
C3 Dual SIM Blazing Red 3GB RAM 64GB 4G LTE ,c3-dual-sim-blazing-red-3gb-ram-64gb-4g-lte
X687 Zero 8 Dual Sim Silver Diamond 8GB Ram 128GB 4G LTE ,x687-zero-8-dual-sim-silver-diamond-8gb-ram-128gb-4g-lte
Y6P Dual SIM Phantom Purple 3GB RAM 64GB 4G LTE ,y6p-dual-sim-phantom-purple-3gb-ram-64gb-4g-lte
View 20 Dual SIM Phantom Red 256GB 4G LTE With FlyPods ,view-20-dual-sim-phantom-red-256gb-4g-lte-with-flypods
2.3 Dual SIM Charcoal 2GB RAM 32GB 4G LTE ,2-3-dual-sim-charcoal-2gb-ram-32gb-4g-lte
Honor Play Dual SIM Ultra Violet 64GB 4G LTE With Kingston 64GB Canvas Select Class 10 Micro SDXC Memory Card ,honor-play-dual-sim-ultra-violet-64gb-4g-lte-with-kingston-64gb-canvas-select-class-10-micro-sdxc-memory-card
C1 Dual SIM Red 1GB RAM 16GB 3G ,c1-dual-sim-red-1gb-ram-16gb-3g
9X Lite Dual SIM Emerald Green 4GB RAM 128GB 4G LTE ,9x-lite-dual-sim-emerald-green-4gb-ram-128gb-4g-lte
Galaxy Note10 Lite Aura Red 8GB RAM 128GB 4G LTE ,galaxy-note10-lite-aura-red-8gb-ram-128gb-4g-lte
Mi Note 10 Lite Dual SIM Nebula Purple 8GB RAM 128GB 4G LTE ,mi-note-10-lite-dual-sim-nebula-purple-8gb-ram-128gb-4g-lte
Hot 9 Dual SIM Violet 4GB RAM 64GB 4G LTE ,hot-9-dual-sim-violet-4gb-ram-64gb-4g-lte
F50 Dual SIM Gold 32MB RAM 2G ,f50-dual-sim-gold-32mb-ram-2g
C15 Dual Sim Marine Blue 4GB RAM 64GB 4G LTE ,c15-dual-sim-marine-blue-4gb-ram-64gb-4g-lte
Senior Dual SIM Red 2G ,senior-dual-sim-red-2g
9X Pro Dual SIM Phantom Purple 6GB RAM 256GB 4G LTE ,9x-pro-dual-sim-phantom-purple-6gb-ram-256gb-4g-lte
A600 Dual SIM Red 16MB RAM 16MB 2G ,a600-dual-sim-red-16mb-ram-16mb-2g
Hot 9 Play Dual SIM Quetzal Cyan 2GB RAM 32GB 4G LTE ,hot-9-play-dual-sim-quetzal-cyan-2gb-ram-32gb-4g-lte
A600 Dual SIM Gold 16MB RAM 16MB 2G ,a600-dual-sim-gold-16mb-ram-16mb-2g
iPhone 11 Pro Max With FaceTime Midnight Green 256GB 4G LTE - International Specs ,iphone-11-pro-max-with-facetime-midnight-green-256gb-4g-lte-international-specs
A12 Dual SIM Blue 3GB RAM 32GB 4G LTE ,a12-dual-sim-blue-3gb-ram-32gb-4g-lte
iPhone 12  With Facetime 128GB Blue 5G - Middle East Version ,iphone-12-with-facetime-128gb-blue-5g-middle-east-version
2.2 Dual SIM Arabic Steel 16GB 4G LTE ,2-2-dual-sim-arabic-steel-16gb-4g-lte
Mini V Dual SIM Black Red 32MB 32MB 2G ,mini-v-dual-sim-black-red-32mb-32mb-2g
6 Dual SIM Comet Blue 4GB RAM 128GB 4G LTE ,6-dual-sim-comet-blue-4gb-ram-128gb-4g-lte
Galaxy M11 Dual SIM Violet 3GB RAM 32GB 4G LTE ,galaxy-m11-dual-sim-violet-3gb-ram-32gb-4g-lte
Y9s Dual SIM Breathing Crystal 6GB RAM 128GB 4G LTE ,y9s-dual-sim-breathing-crystal-6gb-ram-128gb-4g-lte
10 Lite Dual SIM Marina Blue 6GB RAM 128GB 4G LTE ,10-lite-dual-sim-marina-blue-6gb-ram-128gb-4g-lte
Reno 4 Mo Salah Edition Dual Sim Multicolor 8GB RAM 128GB 4G LTE ,reno-4-mo-salah-edition-dual-sim-multicolor-8gb-ram-128gb-4g-lte
"Y9a Dual SIM Midnight Black 8GB RAM 128GB 4G LTE with Power Bank, 10000 mAh - White ",y9a-dual-sim-midnight-black-8gb-ram-128gb-4g-lte-with-power-bank-10000-mah-white
iPhone 12 Pro Max With Facetime 128GB Pacific Blue 5G - Middle East Version ,iphone-12-pro-max-with-facetime-128gb-pacific-blue-5g-middle-east-version
Y8s Dual SIM Emerald Green 4GB RAM 64GB 4G LTE ,y8s-dual-sim-emerald-green-4gb-ram-64gb-4g-lte
IKU F105 Dual Sim Grey 32MB RAM 32MB 3G ,iku-f105-dual-sim-grey-32mb-ram-32mb-3g
Ziox F9 Pro Dual SIM 2GB RAM 16GB Blue 4G LTE ,ziox-f9-pro-dual-sim-2gb-ram-16gb-blue-4g-lte
6i Dual SIM Green Tea 4GB RAM 128GB 4G LTE ,6i-dual-sim-green-tea-4gb-ram-128gb-4g-lte
7i Dual Sim Aurora Green 8GB RAM 128GB 4G LTE ,7i-dual-sim-aurora-green-8gb-ram-128gb-4g-lte
KR10 Dual SIM Black 2G ,kr10-dual-sim-black-2g
Y9A Dual SIM Sakura Pink 8GB RAM 128GB 4G LTE With Charging Power Bank 10000 mAh ,y9a-dual-sim-sakura-pink-8gb-ram-128gb-4g-lte-with-charging-power-bank-10000-mah
A29 Daul SIM 2G Black/Red ,a29-daul-sim-2g-black-red
10 Lite Dual SIM Marina Blue 6GB RAM 64GB 4G LTE ,10-lite-dual-sim-marina-blue-6gb-ram-64gb-4g-lte
P20 Dual Sim 2G 4000mAh Phone With Power Bank Function ,p20-dual-sim-2g-4000mah-phone-with-power-bank-function
Senior Dual SIM Black 32MB 2G ,senior-dual-sim-black-32mb-2g
Note 7 Dual SIM Aether Black 6GB RAM 128GB 4G LTE ,note-7-dual-sim-aether-black-6gb-ram-128gb-4g-lte
KR12 Dual Sim Red 2G ,kr12-dual-sim-red-2g
7 Dual SIM Black Ninja 8GB RAM 128GB 4G LTE ,7-dual-sim-black-ninja-8gb-ram-128gb-4g-lte
Note 7 Dual SIM Forest Green 6GB RAM 128GB 4G LTE ,note-7-dual-sim-forest-green-6gb-ram-128gb-4g-lte
Redmi 6 Dual Sim Gold 3GB RAM 32GB LTE ,redmi-6-dual-sim-gold-3gb-ram-32gb-lte
Hot 9 Play Dual SIM Midnight Black 3GB Ram 64GB 4G LTE ,hot-9-play-dual-sim-midnight-black-3gb-ram-64gb-4g-lte
C3 Dual SIM Nordic Blue 2GB RAM 16GB 4G ,c3-dual-sim-nordic-blue-2gb-ram-16gb-4g
A12 Dual SIM Blue 3GB RAM 32 GB LTE ,a12-dual-sim-blue-3gb-ram-32-gb-lte
8A Dual SIM Blue 32GB 2GB RAM 4G LTE ,8a-dual-sim-blue-32gb-2gb-ram-4g-lte
Y8P Dual SIM Midnight Black 6GB RAM 128GB 4G LTE ,y8p-dual-sim-midnight-black-6gb-ram-128gb-4g-lte
10 Lite Dual SIM Arctic White 6GB RAM 64GB 4G LTE ,10-lite-dual-sim-arctic-white-6gb-ram-64gb-4g-lte
Mi A1 Dual SIM Black 64GB 4G LTE ,mi-a1-dual-sim-black-64gb-4g-lte
230 Dual SIM Dark Silver 16MB 2G ,230-dual-sim-dark-silver-16mb-2g
Galaxy A10s Dual SIM Blue 2GB RAM  32GB 4G LTE ,galaxy-a10s-dual-sim-blue-2gb-ram-32gb-4g-lte
Smart 4 Dual SIM Quetzal Cyan 16GB 1GB RAM 4G LTE ,smart-4-dual-sim-quetzal-cyan-16gb-1gb-ram-4g-lte
Hot 9 Dual SIM Midnight Black 4GB RAM 64GB 4G LTE ,hot-9-dual-sim-midnight-black-4gb-ram-64gb-4g-lte
10 Lite Dual SIM Arctic White 6GB RAM 128GB 4G LTE With Power Bank ,10-lite-dual-sim-arctic-white-6gb-ram-128gb-4g-lte-with-power-bank
Galaxy A01 Core Dual SIM Black 1GB RAM 16GB 4G LTE ,galaxy-a01-core-dual-sim-black-1gb-ram-16gb-4g-lte
150 Dual SIM White 16MB 2G ,150-dual-sim-white-16mb-2g
Senior Dual SIM Gold 32MB 2G ,senior-dual-sim-gold-32mb-2g
iPhone 11 With FaceTime White 128GB 4G LTE - International Specs ,iphone-11-with-facetime-white-128gb-4g-lte-international-specs
8.3 5G Dual SIM Blue 8GB RAM 128GB With Ear Buds ,8-3-5g-dual-sim-blue-8gb-ram-128gb-with-ear-buds
Redmi 9C Dual SIM Sunrise Orange 2GB RAM 32GB 4G LTE ,redmi-9c-dual-sim-sunrise-orange-2gb-ram-32gb-4g-lte
Galaxy A71 Dual SIM Prism Crush Black 8GB RAM 128GB 4G LTE ,galaxy-a71-dual-sim-prism-crush-black-8gb-ram-128gb-4g-lte
Y12 Dual SIM Burgundy Red 3GB RAM 64GB 4G LTE ,y12-dual-sim-burgundy-red-3gb-ram-64gb-4g-lte
A93 Dual SIM Magic Blue 8GB RAM 128GB 4G LTE ,a93-dual-sim-magic-blue-8gb-ram-128gb-4g-lte
A29 Daul SIM Black 2G ,a29-daul-sim-black-2g
iPhone 11 With FaceTime Purple 64GB 4G LTE - Egypt Specs ,iphone-11-with-facetime-purple-64gb-4g-lte-egypt-specs
Reno 3 Dual SIM Midnight Black 8GB RAM 128GB 4G LTE ,reno-3-dual-sim-midnight-black-8gb-ram-128gb-4g-lte
Galaxy A11 Dual SIM Blue 2GB RAM 32GB 4G LTE ,galaxy-a11-dual-sim-blue-2gb-ram-32gb-4g-lte
iPhone 11 Pro Max With FaceTime Gold 256GB 4G LTE - Egypt Specs ,iphone-11-pro-max-with-facetime-gold-256gb-4g-lte-egypt-specs
Y9A Dual SIM Space Silver 8GB RAM 128GB 4G LTE ,y9a-dual-sim-space-silver-8gb-ram-128gb-4g-lte
View 20 Dual SIM Phantom Blue 256GB 4G LTE With FlyPods ,view-20-dual-sim-phantom-blue-256gb-4g-lte-with-flypods
E60 Dual SIM Black 2G ,e60-dual-sim-black-2g
Hot 9 Play Dual SIM Midnight Black 3GB RAM 64GB 4G LTE ,hot-9-play-dual-sim-midnight-black-3gb-ram-64gb-4g-lte
105 Dual SIM Black 4MB 2G ,105-dual-sim-black-4mb-2g
A29 Dual SIM Purple 32 MB 2G ,a29-dual-sim-purple-32-mb-2g
U50 Dual SIM Black/Gold 1GB RAM 16GB 3G ,u50-dual-sim-black-gold-1gb-ram-16gb-3g
Note 8 Dual SIM Silver Diamond 6GB RAM 128GB 4G LTE ,note-8-dual-sim-silver-diamond-6gb-ram-128gb-4g-lte
Galaxy A11 White 3GB RAM 32GB 4G LTE ,galaxy-a11-white-3gb-ram-32gb-4g-lte
Topaz Dual SIM Black 2GB RAM 16GB 4G LTE ,topaz-dual-sim-black-2gb-ram-16gb-4g-lte
Redmi Note 8 Global Specs Dual SIM Space Black 64GB 4GB RAM 4G LTE ,redmi-note-8-global-specs-dual-sim-space-black-64gb-4gb-ram-4g-lte
Hot 9 Play Dual SIM Violet 2GB RAM 32GB 4G LTE ,hot-9-play-dual-sim-violet-2gb-ram-32gb-4g-lte
Galaxy S20 Plus Dual SIM Cosmic Black 8GB RAM 128GB 4G LTE - International Version ,galaxy-s20-plus-dual-sim-cosmic-black-8gb-ram-128gb-4g-lte-international-version
105 Dual SIM Blue 4MB RAM 4MB 2G ,105-dual-sim-blue-4mb-ram-4mb-2g
3.4 Dual SIM Grey 4GB RAM 64GB 4G LTE ,3-4-dual-sim-grey-4gb-ram-64gb-4g-lte
Hot 9 Dual SIM Ocean Wave 4GB RAM 64GB 4G LTE ,hot-9-dual-sim-ocean-wave-4gb-ram-64gb-4g-lte
6.2 Dual SIM Ice 64GB 4GB RAM 4G LTE ,6-2-dual-sim-ice-64gb-4gb-ram-4g-lte
Y5p Dual SIM Phantom Blue 2GB RAM 32GB 4G LTE ,y5p-dual-sim-phantom-blue-2gb-ram-32gb-4g-lte
Note 8i Dual SIM Tranquil Blue 4GB RAM 128GB 4G LTE ,note-8i-dual-sim-tranquil-blue-4gb-ram-128gb-4g-lte
Note 8 Dual SIM Iceland Fantasy 6GB RAM 128GB 4G LTE ,note-8-dual-sim-iceland-fantasy-6gb-ram-128gb-4g-lte
A15 Dual SIM Black 2G ,a15-dual-sim-black-2g
C15 Dual Sim Seagull Silver 4GB RAM 64GB 4G LTE ,c15-dual-sim-seagull-silver-4gb-ram-64gb-4g-lte
Nova 7 SE Dual SIM Midsummer Purple 8GB RAM 128GB 5G LTE With HUAWEI 122 mAh FreeLace Bluetooth In-Ear Headphones ,nova-7-se-dual-sim-midsummer-purple-8gb-ram-128gb-5g-lte-with-huawei-122-mah-freelace-bluetooth-in-ear-headphones
Redmi Note 9 Dual SIM Black 3GB RAM 64GB 4G LTE ,redmi-note-9-dual-sim-black-3gb-ram-64gb-4g-lte
Redmi Note 8 Dual SIM Neptune Blue 4GB RAM 64GB 4G LTE ,redmi-note-8-dual-sim-neptune-blue-4gb-ram-64gb-4g-lte
Redmi Note 9S Dual SIM Blue 4GB RAM 64GB 4G LTE ,redmi-note-9s-dual-sim-blue-4gb-ram-64gb-4g-lte
10 Plus Dual SIM Moonlight Blue 6GB RAM 256 GB 4G LTE ,10-plus-dual-sim-moonlight-blue-6gb-ram-256-gb-4g-lte
Y7P Dual SIM Midnight Black 4GB RAM 64GB 4G LTE ,y7p-dual-sim-midnight-black-4gb-ram-64gb-4g-lte
Smart 4 Dual SIM Midnight Black 16GB 1GB RAM 4G LTE ,smart-4-dual-sim-midnight-black-16gb-1gb-ram-4g-lte
iPhone 11 With FaceTime White 64GB 4G LTE - Egypt Specs ,iphone-11-with-facetime-white-64gb-4g-lte-egypt-specs
Smart 4 Dual SIM Cosmic Purple 16GB 1GB RAM 4G LTE ,smart-4-dual-sim-cosmic-purple-16gb-1gb-ram-4g-lte
KR7 Dual SIM Mobile Phone ,kr7-dual-sim-mobile-phone
Nubia Red Magic Global Specs Dual SIM Black 8GB RAM 128GB 5G LTE ,nubia-red-magic-global-specs-dual-sim-black-8gb-ram-128gb-5g-lte
Galaxy A71 Dual SIM Prism Crush Black 8GB RAM 128GB 4G LTE - UAE Version ,galaxy-a71-dual-sim-prism-crush-black-8gb-ram-128gb-4g-lte-uae-version
8A Dual SIM Green 32GB 2GB RAM 4G LTE ,8a-dual-sim-green-32gb-2gb-ram-4g-lte
iPhone SE Single SIM Black 3GB RAM 64GB 4G LTE With FaceTime ,iphone-se-single-sim-black-3gb-ram-64gb-4g-lte-with-facetime
Galaxy Note20 Dual SIM Mystic Green 8GB RAM 256GB 4G LTE - International Version ,galaxy-note20-dual-sim-mystic-green-8gb-ram-256gb-4g-lte-international-version
A93 Dual SIM Magic Blue 8GB RAM 128GB 4G LTE ,a93-dual-sim-magic-blue-8gb-ram-128gb-4g-lte
C15 Dual SIM Seagull Silver 4GB RAM 128GB 4G LTE ,c15-dual-sim-seagull-silver-4gb-ram-128gb-4g-lte
Redmi 6 Dual SIM Black 32GB 3GB RAM 4G LTE ,redmi-6-dual-sim-black-32gb-3gb-ram-4g-lte
iPhone SE 2020 (2nd-gen) With Facetime 128GB (Product) Red - International Specs ,iphone-se-2020-2nd-gen-with-facetime-128gb-product-red-international-specs
Pouvoir 1 Dual SIM Dark Black 16 GB 3G ,pouvoir-1-dual-sim-dark-black-16-gb-3g
6i Dual SIM Blue Soda 3GB RAM 64GB 4G LTE ,6i-dual-sim-blue-soda-3gb-ram-64gb-4g-lte
Reno 4 Dual SIM Galactic Blue 8GB RAM 128GB 4G LTE ,reno-4-dual-sim-galactic-blue-8gb-ram-128gb-4g-lte
Galaxy A71 Dual SIM Silver 8GB RAM 128GB 4G LTE ,galaxy-a71-dual-sim-silver-8gb-ram-128gb-4g-lte
"Huawei Y7a Mobile Phone, Dual SIM - 128 GB, 4 GB RAM, 4G LTE - Crush Green ",huawei-y7a-mobile-phone-dual-sim-128-gb-4-gb-ram-4g-lte-crush-green
iPhone 12 Pro With Facetime Dual Sim 128GB Pacific Blue 5G - HK Specs ,iphone-12-pro-with-facetime-dual-sim-128gb-pacific-blue-5g-hk-specs
X920 Dual SIM Black 32MB RAM 32MB 2G ,x920-dual-sim-black-32mb-ram-32mb-2g
Reno 4 Pro Dual SIM Glactic Blue 8GB RAM 256GB 4G LTE ,reno-4-pro-dual-sim-glactic-blue-8gb-ram-256gb-4g-lte
iPhone 6s Plus Space Grey 32GB 4G LTE ,iphone-6s-plus-space-grey-32gb-4g-lte
Note 8i Dual SIM Obsidian Black 4GB RAM 128GB 4G LTE ,note-8i-dual-sim-obsidian-black-4gb-ram-128gb-4g-lte
C12 Dual Sim Marine Blue 3GB RAM 64GB 4G LTE ,c12-dual-sim-marine-blue-3gb-ram-64gb-4g-lte
iPhone 7 With FaceTime Jet Black 32GB 4G LTE ,iphone-7-with-facetime-jet-black-32gb-4g-lte
F16 Dual SIM Mocha Brown 256MB RAM 256MB 2G ,f16-dual-sim-mocha-brown-256mb-ram-256mb-2g
20 Lite Dual SIM Phantom Blue 4GB/128GB 4G LTE ,20-lite-dual-sim-phantom-blue-4gb-128gb-4g-lte
1067F Dual SIM Volcano Black 4MB RAM 4MB 2G ,1067f-dual-sim-volcano-black-4mb-ram-4mb-2g
Hot 9 Play Dual SIM Ocean Wave 2GB RAM 32GB 4G LTE ,hot-9-play-dual-sim-ocean-wave-2gb-ram-32gb-4g-lte
E11 Dual SIM Dual Camera 2G Feature Phone - Black ,e11-dual-sim-dual-camera-2g-feature-phone-black
10L Dual SIM Arctic White 6GB RAM 64GB 4G LTE ,10l-dual-sim-arctic-white-6gb-ram-64gb-4g-lte
iPhone 11 With FaceTime Green 128GB 4G LTE - Egypt Specs ,iphone-11-with-facetime-green-128gb-4g-lte-egypt-specs
Galaxy A20 Dual SIM Black 3GB RAM 32GB 4G LTE ,galaxy-a20-dual-sim-black-3gb-ram-32gb-4g-lte
M51 Dual SIM White 8GB RAM 128GB 4G LTE With GT2S True Wireless Earphones And VIP Card ,m51-dual-sim-white-8gb-ram-128gb-4g-lte-with-gt2s-true-wireless-earphones-and-vip-card
We2022 Dual SIM Black Red 32MB RAM 32MB 2G ,we2022-dual-sim-black-red-32mb-ram-32mb-2g
Galaxy A71 Dual SIM Haze Crush Silver 8GB RAM 128GB 4G LTE ,galaxy-a71-dual-sim-haze-crush-silver-8gb-ram-128gb-4g-lte
7 Pro Dual Sim Mirror Silver 8GB RAM 128GB 4G LTE ,7-pro-dual-sim-mirror-silver-8gb-ram-128gb-4g-lte
3.2 Dual Sim Black 2GB RAM 16GB 4G LTE ,3-2-dual-sim-black-2gb-ram-16gb-4g-lte
Redmi Note 9S Dual SIM Interstellar Grey 4GB 64GB 4G LTE ,redmi-note-9s-dual-sim-interstellar-grey-4gb-64gb-4g-lte
Redmi Note 9S Dual SIM White 4GB RAM 64GB 4G LTE ,redmi-note-9s-dual-sim-white-4gb-ram-64gb-4g-lte
Galaxy A31 Dual SIM Prism Crush Blue 4GB RAM 128GB 4G LTE ,galaxy-a31-dual-sim-prism-crush-blue-4gb-ram-128gb-4g-lte
110 Dual SIM Ocean Blue 4MB 2G ,110-dual-sim-ocean-blue-4mb-2g
Galaxy A11 Dual SIM White 2GB RAM 32GB 4G LTE ,galaxy-a11-dual-sim-white-2gb-ram-32gb-4g-lte
9A Dual SIM Phantom Blue 3GB RAM 64GB 4G LTE ,9a-dual-sim-phantom-blue-3gb-ram-64gb-4g-lte
F16 Dual SIM Blue 32MB 2G ,f16-dual-sim-blue-32mb-2g
Nova 7i Dual SIM Crush Green 8GB RAM 128GB 4G LTE ,nova-7i-dual-sim-crush-green-8gb-ram-128gb-4g-lte
A15 Dual SIM Dynamic Black 2GB RAM 32GB 4G LTE ,a15-dual-sim-dynamic-black-2gb-ram-32gb-4g-lte
Poco X3 Dual SIM Cobalt Blue 6GB Ram 128GB 4G LTE with Mi Band 4 Gift ,poco-x3-dual-sim-cobalt-blue-6gb-ram-128gb-4g-lte-with-mi-band-4-gift
Plex Dual SIM Opal White 6GB RAM 128GB 4G LTE ,plex-dual-sim-opal-white-6gb-ram-128gb-4g-lte
G4 Dual SIM Gold 16GB 4G LTE ,g4-dual-sim-gold-16gb-4g-lte
Galaxy S20 Plus Dual SIM Cosmic Gray 8GB RAM 128GB 4G LTE with Samsung Galaxy Buds (Color May Vary) ,galaxy-s20-plus-dual-sim-cosmic-gray-8gb-ram-128gb-4g-lte-with-samsung-galaxy-buds-color-may-vary
Galaxy S20 FE Dual SIM Cloud Navy 8GB RAM 128GB 5G ,galaxy-s20-fe-dual-sim-cloud-navy-8gb-ram-128gb-5g
A73 Dual SIM Classic Silver 6GB RAM 128GB 4G LTE ,a73-dual-sim-classic-silver-6gb-ram-128gb-4g-lte
Mi Note 10 Lite Dual SIM Glacier White 6GB RAM 128GB 4G LTE ,mi-note-10-lite-dual-sim-glacier-white-6gb-ram-128gb-4g-lte
iPhone 11 Pro With FaceTime Space Gray 64GB 4G LTE - Egypt Specs ,iphone-11-pro-with-facetime-space-gray-64gb-4g-lte-egypt-specs
Sico Mega2 Dual SIM Black 1GB RAM 16GB 4G LTE ,sico-mega2-dual-sim-black-1gb-ram-16gb-4g-lte
Galaxy A10 Dual SIM Black 32GB 2GB RAM 4G LTE-UAE Version ,galaxy-a10-dual-sim-black-32gb-2gb-ram-4g-lte-uae-version
G4 Dual Sim Smart Phone Gold 16GB 2GB Ram 4G with Flip Cover and Screen Protector ,g4-dual-sim-smart-phone-gold-16gb-2gb-ram-4g-with-flip-cover-and-screen-protector
2.3 Dual SIM Cyan Green 2GB RAM 32GB 4G LTE ,2-3-dual-sim-cyan-green-2gb-ram-32gb-4g-lte
3L 2020 5029D Dual SIM Chameleon Blue 4GB RAM 64GB 4G LTE ,3l-2020-5029d-dual-sim-chameleon-blue-4gb-ram-64gb-4g-lte
A73 Dual SIM Navy Blue 6GB RAM 128GB 4G ,a73-dual-sim-navy-blue-6gb-ram-128gb-4g
A12 Dual SIM Black 3GB RAM 32 GB LTE ,a12-dual-sim-black-3gb-ram-32-gb-lte
9C Dual SIM Blue 4GB RAM 64GB 4G LTE ,9c-dual-sim-blue-4gb-ram-64gb-4g-lte
Poco X3 Dual SIM Shadow Gray 6GB RAM 128GB 4G LTE ,poco-x3-dual-sim-shadow-gray-6gb-ram-128gb-4g-lte
Mi 9T Dual SIM Carbon Black 128GB 6GB RAM 4G LTE ,mi-9t-dual-sim-carbon-black-128gb-6gb-ram-4g-lte
10L Dual SIM Arctic White 6GB RAM 128GB 4G LTE ,10l-dual-sim-arctic-white-6gb-ram-128gb-4g-lte
S2 1801 Dual SIM Silver 32MB RAM 32MB 2G ,s2-1801-dual-sim-silver-32mb-ram-32mb-2g
M51 Dual SIM White 6GB RAM 128GB 4G LTE ,m51-dual-sim-white-6gb-ram-128gb-4g-lte
K19 Quad SIM 32GB 2G With 20000mAh Portable Charger Green ,k19-quad-sim-32gb-2g-with-20000mah-portable-charger-green
Galaxy A21s Dual SIM White 4GB RAM 64GB 4G LTE ,galaxy-a21s-dual-sim-white-4gb-ram-64gb-4g-lte
Redmi Note 9S Dual SIM Glacier White 6GB RAM 128GB 4G LTE ,redmi-note-9s-dual-sim-glacier-white-6gb-ram-128gb-4g-lte
We2050 Dual SIM Lake Blue 32MB RAM 32MB 2G ,we2050-dual-sim-lake-blue-32mb-ram-32mb-2g
9X Lite Dual SIM Midnight Black 4GB RAM 128GB 4G LTE ,9x-lite-dual-sim-midnight-black-4gb-ram-128gb-4g-lte
Nova 5T Dual SIM Crush Blue 8GB RAM 128GB 4G LTE ,nova-5t-dual-sim-crush-blue-8gb-ram-128gb-4g-lte
X687 Zero 8 Dual SIM Silver Diamond 8GB RAM 128GB 4G LTE With Earphones ,x687-zero-8-dual-sim-silver-diamond-8gb-ram-128gb-4g-lte-with-earphones
C17 Dual Sim Lake Green 6GB RAM 128GB 4G LTE ,c17-dual-sim-lake-green-6gb-ram-128gb-4g-lte
Redmi Note 9 Pro Dual SIM Glacier White 6GB RAM 128GB 4G LTE ,redmi-note-9-pro-dual-sim-glacier-white-6gb-ram-128gb-4g-lte
Play Dual SIM Midnight Black 4GB/64GB 4G LTE With SanDisk 64GB Canvas Select Class 10 Micro SDXC Memory Card ,play-dual-sim-midnight-black-4gb-64gb-4g-lte-with-sandisk-64gb-canvas-select-class-10-micro-sdxc-memory-card
Redmi Note 9 Pro Global Specs Dual SIM Tropical Green 64GB/6GB RAM 4G LTE ,redmi-note-9-pro-global-specs-dual-sim-tropical-green-64gb-6gb-ram-4g-lte
210 (2019) Dual SIM Red 16MB 2G ,210-2019-dual-sim-red-16mb-2g
iPhone Xs Max With FaceTime Gold 64GB 4G LTE ,iphone-xs-max-with-facetime-gold-64gb-4g-lte
C2 Dual SIM Cyan 1GB RAM 16GB 4G LTE ,c2-dual-sim-cyan-1gb-ram-16gb-4g-lte
Galaxy A01 Core Dual Sim Blue 1GB RAM 16GB 4G LTE - UAE Version ,galaxy-a01-core-dual-sim-blue-1gb-ram-16gb-4g-lte-uae-version
Y5P Dual SIM Midnight Black 2GB RAM 32GB 4G LTE ,y5p-dual-sim-midnight-black-2gb-ram-32gb-4g-lte
Redmi Note 9 Pro Global Specs Dual SIM Tropical Green 128GB/6GB RAM 4G LTE ,redmi-note-9-pro-global-specs-dual-sim-tropical-green-128gb-6gb-ram-4g-lte
N6 Dual SIM Gold 2GB RAM 16GB 4G LTE ,n6-dual-sim-gold-2gb-ram-16gb-4g-lte
Y9 Prime Dual SIM Emerald Green 4GB RAM 128GB 4G LTE ,y9-prime-dual-sim-emerald-green-4gb-ram-128gb-4g-lte
9X Dual SIM Sapphire Blue 6GB RAM 128GB 4G LTE ,9x-dual-sim-sapphire-blue-6gb-ram-128gb-4g-lte
Y7A Dual SIM Midnight Black 4GB RAM 128GB 4G LTE ,y7a-dual-sim-midnight-black-4gb-ram-128gb-4g-lte
Mi 10 Coral Green 8GB RAM 256GB 5G ,mi-10-coral-green-8gb-ram-256gb-5g
Galaxy Note20 Ultra Dual SIM Mystic White 8GB RAM 256GB 4G LTE - International Version ,galaxy-note20-ultra-dual-sim-mystic-white-8gb-ram-256gb-4g-lte-international-version
G4 Dual SIM Blue 16GB 4G LTE ,g4-dual-sim-blue-16gb-4g-lte
Y8S Dual SIM Emerald Green 4GB RAM 64GB 4G LTE ,y8s-dual-sim-emerald-green-4gb-ram-64gb-4g-lte
Galaxy A10s Dual SIM Red 2GB RAM 32GB 4G LTE ,galaxy-a10s-dual-sim-red-2gb-ram-32gb-4g-lte
iPhone 8 Plus With FaceTime Space Gray 128GB 4G LTE - Egypt Specs ,iphone-8-plus-with-facetime-space-gray-128gb-4g-lte-egypt-specs
iPhone 11 With FaceTime (PRODUCT) RED 256GB 4G LTE - Egypt Specs ,iphone-11-with-facetime-product-red-256gb-4g-lte-egypt-specs
Galaxy A01 Core Dual SIM Red 1GB RAM 16GB 4G LTE ,galaxy-a01-core-dual-sim-red-1gb-ram-16gb-4g-lte
A12 Dual SIM Black 3GB RAM 32GB 4G LTE ,a12-dual-sim-black-3gb-ram-32gb-4g-lte
iPhone 12 Pro Max With Facetime 256GB Gold 5G - Middle East Version ,iphone-12-pro-max-with-facetime-256gb-gold-5g-middle-east-version
iPhone 7 Black 32GB 4G ,iphone-7-black-32gb-4g
A52 Dual SIM Stream White 4GB RAM 128GB 4G LTE ,a52-dual-sim-stream-white-4gb-ram-128gb-4g-lte
Mi Note 10 Lite Dual SIM Midnight Black 8GB RAM 128GB 4G LTE ,mi-note-10-lite-dual-sim-midnight-black-8gb-ram-128gb-4g-lte
iPhone 11 Pro With FaceTime Midnight Green 256GB 4G LTE - International Specs ,iphone-11-pro-with-facetime-midnight-green-256gb-4g-lte-international-specs
Nova 7 Dual SIM Black 8GB RAM 256GB 5G LTE with FreeLace and 15GB Cloud Service for 12 Month ,nova-7-dual-sim-black-8gb-ram-256gb-5g-lte-with-freelace-and-15gb-cloud-service-for-12-month
iPhone 11 With FaceTime Green 64GB 4G LTE - Egypt Specs ,iphone-11-with-facetime-green-64gb-4g-lte-egypt-specs
F18 Dual SIM Silver 16MB 16MB 2G ,f18-dual-sim-silver-16mb-16mb-2g
IKU F105 Dual Sim Yellow 32MB RAM 32MB 3G ,iku-f105-dual-sim-yellow-32mb-ram-32mb-3g
Redmi Note 9S Dual SIM Glacier White 4GB RAM 64GB 4G LTE ,redmi-note-9s-dual-sim-glacier-white-4gb-ram-64gb-4g-lte
10 Lite Dual SIM Arctic White 6GB RAM 128GB 4G LTE ,10-lite-dual-sim-arctic-white-6gb-ram-128gb-4g-lte
9X Dual SIM Sapphire Blue 6GB RAM 128GB 4G LTE ,9x-dual-sim-sapphire-blue-6gb-ram-128gb-4g-lte
Nova 7 SE Dual SIM Crush Green 8GB RAM 128GB 5G LTE With HUAWEI 122 mAh FreeLace Bluetooth In-Ear Headphones ,nova-7-se-dual-sim-crush-green-8gb-ram-128gb-5g-lte-with-huawei-122-mah-freelace-bluetooth-in-ear-headphones
Galaxy A51 Single SIM Prism Cube Black 8GB RAM 128GB 5G LTE ,galaxy-a51-single-sim-prism-cube-black-8gb-ram-128gb-5g-lte
Galaxy A11 Dual Sim Blue 2GB RAM 32GB 4G LTE ,galaxy-a11-dual-sim-blue-2gb-ram-32gb-4g-lte
Galaxy S20 FE Dual SIM Cloud Red 8GB RAM 128GB 5G - Middle East Version ,galaxy-s20-fe-dual-sim-cloud-red-8gb-ram-128gb-5g-middle-east-version
G3 Dual SIM Black 1GB RAM 8GB 3G ,g3-dual-sim-black-1gb-ram-8gb-3g
iPhone 8 Plus With FaceTime (PRODUCT)RED 64GB 4G LTE ,iphone-8-plus-with-facetime-product-red-64gb-4g-lte
iPhone 11 Green 128GB 4G LTE (2020 - Slim Packing) - Middle East Specs ,iphone-11-green-128gb-4g-lte-2020-slim-packing-middle-east-specs
7i Dual Sim Polar Blue 8GB RAM 128GB 4G LTE ,7i-dual-sim-polar-blue-8gb-ram-128gb-4g-lte
Redmi Note 9S Dual SIM Aurora Blue 4GB RAM 64GB 4G LTE ,redmi-note-9s-dual-sim-aurora-blue-4gb-ram-64gb-4g-lte
C12 Dual Sim Coral Red 3GB RAM 64GB 4G LTE ,c12-dual-sim-coral-red-3gb-ram-64gb-4g-lte
F16 Dual SIM Dark Red 32MB 2G ,f16-dual-sim-dark-red-32mb-2g
X415 Dual SIM Black 32 MB 2G ,x415-dual-sim-black-32-mb-2g
A93 Dual SIM Matte Black 8GB RAM 128GB 4G LTE ,a93-dual-sim-matte-black-8gb-ram-128gb-4g-lte
FX Plus Dual SIM Black Yellow 32MB 2G ,fx-plus-dual-sim-black-yellow-32mb-2g
Redmi Note 9S Dual SIM Interstellar Grey 6GB RAM 128GB 4G LTE ,redmi-note-9s-dual-sim-interstellar-grey-6gb-ram-128gb-4g-lte
Y12 Dual SIM Burgundy Red 3GB RAM 64GB 4G LTE ,y12-dual-sim-burgundy-red-3gb-ram-64gb-4g-lte
nova 7 Dual SIM Black 8GB RAM 256GB 5G LTE ,nova-7-dual-sim-black-8gb-ram-256gb-5g-lte
3X Dual SIM Jewelry Green 6GB RAM 128GB 4G LTE ,3x-dual-sim-jewelry-green-6gb-ram-128gb-4g-lte
210 (2019) Dual SIM Grey 16 MB RAM 2G ,210-2019-dual-sim-grey-16-mb-ram-2g
BM10 Wireless Dialer Mini 3310 Dual SIM Blue 32MB 2G ,bm10-wireless-dialer-mini-3310-dual-sim-blue-32mb-2g
Redmi Note 5 AI Edition Dual SIM Black 3GB RAM 32GB 4G LTE ,redmi-note-5-ai-edition-dual-sim-black-3gb-ram-32gb-4g-lte
FX Plus Dual SIM Black White 32MB 2G ,fx-plus-dual-sim-black-white-32mb-2g
A6 Dual Sim Green 3GB RAM 32GB 3G Network ,a6-dual-sim-green-3gb-ram-32gb-3g-network
Xperia XA Ultra Dual SIM White 16GB 4G LTE ,xperia-xa-ultra-dual-sim-white-16gb-4g-lte
Nova 7i Dual SIM Midnight Black 8GB RAM 128GB 4G LTE ,nova-7i-dual-sim-midnight-black-8gb-ram-128gb-4g-lte
Galaxy S20 FE Dual SIM Cloud Lavender 8GB RAM 128GB 4G LTE- Middle East Version ,galaxy-s20-fe-dual-sim-cloud-lavender-8gb-ram-128gb-4g-lte-middle-east-version
10 SE Dual SIM Polar Night 4GB RAM 128GB 4G LTE ,10-se-dual-sim-polar-night-4gb-ram-128gb-4g-lte
A53 Dual SIM Mint Cream 6GB RAM 128GB 4G LTE ,a53-dual-sim-mint-cream-6gb-ram-128gb-4g-lte
S2 1801 Dual SIM Black 32MB RAM 32MB 2G ,s2-1801-dual-sim-black-32mb-ram-32mb-2g
Y30  Dual Sim  Moonstone White 128GB 4GB RAM 4G LTE ,y30-dual-sim-moonstone-white-128gb-4gb-ram-4g-lte
Galaxy A51 Dual SIM Prism Crush Black 6GB RAM 128GB 4G LTE-UAE Version ,galaxy-a51-dual-sim-prism-crush-black-6gb-ram-128gb-4g-lte-uae-version
Redmi 7 Dual SIM Eclipse Black 3GB RAM 64GB 4G LTE ,redmi-7-dual-sim-eclipse-black-3gb-ram-64gb-4g-lte
X604 Note 5 Dual SIM Milan Black 32GB ,x604-note-5-dual-sim-milan-black-32gb
X687 Zero 8 Dual Sim Green Diamond 8GB RAM 128GB 4G LTE ,x687-zero-8-dual-sim-green-diamond-8gb-ram-128gb-4g-lte
iPhone XR Dual Sim With Facetime Blue 64GB 4G LTE - HK Specs ,iphone-xr-dual-sim-with-facetime-blue-64gb-4g-lte-hk-specs
4.2 Dual SIM Black 32GB 4G LTE ,4-2-dual-sim-black-32gb-4g-lte
Redmi Note 9 Dual SIM Forest Green 3GB RAM 64GB 4G LTE ,redmi-note-9-dual-sim-forest-green-3gb-ram-64gb-4g-lte
Redmi Note 9 Pro Global Specs Dual SIM Glacier White 128GB/6GB RAM 4G LTE ,redmi-note-9-pro-global-specs-dual-sim-glacier-white-128gb-6gb-ram-4g-lte
Redmi Go Dual SIM Black Android Oreo 1GB RAM 16GB 4G LTE ,redmi-go-dual-sim-black-android-oreo-1gb-ram-16gb-4g-lte
F5 Dual SIM Mocha Brown 32MB 2G ,f5-dual-sim-mocha-brown-32mb-2g
A6 Dual Sim Gold 3GB RAM 32GB 3G Network ,a6-dual-sim-gold-3gb-ram-32gb-3g-network
Y9s Dual SIM Midnight Black 6GB RAM 128GB 4G LTE ,y9s-dual-sim-midnight-black-6gb-ram-128gb-4g-lte
Galaxy A71 Dual SIM Prism Crush Silver 8GB RAM 128GB 4G LTE-UAE Version ,galaxy-a71-dual-sim-prism-crush-silver-8gb-ram-128gb-4g-lte-uae-version
Galaxy A10s Dual SIM Blue 32GB 2GB RAM 4G LTE - KSA Version ,galaxy-a10s-dual-sim-blue-32gb-2gb-ram-4g-lte-ksa-version
Y9A Dual SIM Sakura Pink 8GB RAM 128GB 4G LTE ,y9a-dual-sim-sakura-pink-8gb-ram-128gb-4g-lte
V20 Dual SIM Sunset Melody 8GB RAM 128GB 4G LTE ,v20-dual-sim-sunset-melody-8gb-ram-128gb-4g-lte
7.2 Dual SIM Cyan Green 4GB RAM 128GB 4G LTE ,7-2-dual-sim-cyan-green-4gb-ram-128gb-4g-lte
Galaxy Note20 Dual SIM Mystic Gray 8GB RAM 256GB 4G LTE - International Version ,galaxy-note20-dual-sim-mystic-gray-8gb-ram-256gb-4g-lte-international-version
F101 Dual SIM Black/Yellow 2G ,f101-dual-sim-black-yellow-2g
Redmi Note 9S Dual SIM Glacier White 6GB RAM 128GB 4G LTE ,redmi-note-9s-dual-sim-glacier-white-6gb-ram-128gb-4g-lte
V19 Dual SIM Sleek Silver 8GB RAM 128GB 4G LTE ,v19-dual-sim-sleek-silver-8gb-ram-128gb-4g-lte
C2 Pro Dual SIM Silver 1GB RAM 8GB 3G ,c2-pro-dual-sim-silver-1gb-ram-8gb-3g
G3 Dual Sim Smart Phone White 8GB 1GB Ram 3G with Flip Cover and Screen Protector ,g3-dual-sim-smart-phone-white-8gb-1gb-ram-3g-with-flip-cover-and-screen-protector
Galaxy A11 Dual Sim White 2GB RAM 32GB 4G LTE ,galaxy-a11-dual-sim-white-2gb-ram-32gb-4g-lte
Galaxy S20 FE Single SIM Cloud Lavender 8GB RAM 128GB 4G LTE ,galaxy-s20-fe-single-sim-cloud-lavender-8gb-ram-128gb-4g-lte
iPhone 7 Plus With FaceTime Black 32GB 4G LTE ,iphone-7-plus-with-facetime-black-32gb-4g-lte
6.2 Dual SIM Ceramic Black 64GB 4GB RAM 4G LTE ,6-2-dual-sim-ceramic-black-64gb-4gb-ram-4g-lte
FX Plus Dual SIM Black Red 32MB 2G ,fx-plus-dual-sim-black-red-32mb-2g
Galaxy A01 Core Dual Sim Red 1GB RAM 16GB 4G LTE ,galaxy-a01-core-dual-sim-red-1gb-ram-16gb-4g-lte
Tough 800 Dual SIM Black Steel 512MB RAM 4GB 4G LTE ,tough-800-dual-sim-black-steel-512mb-ram-4gb-4g-lte
Galaxy A51 Dual SIM Haze Crush Silver 8GB RAM 128GB 4G LTE ,galaxy-a51-dual-sim-haze-crush-silver-8gb-ram-128gb-4g-lte
F2 Plus Dual SIM Blue 32MB 2G ,f2-plus-dual-sim-blue-32mb-2g
iPhone XR With FaceTime Black 64GB 4G LTE - Middle East Region ,iphone-xr-with-facetime-black-64gb-4g-lte-middle-east-region
Iris 50 Dual SIM Gold 8GB 4G LTE ,iris-50-dual-sim-gold-8gb-4g-lte
Galaxy A71 Single SIM Prism Crush Silver 8GB RAM 128GB 4G LTE ,galaxy-a71-single-sim-prism-crush-silver-8gb-ram-128gb-4g-lte
Energy E11 Dual SIM Black 4MB 2G ,energy-e11-dual-sim-black-4mb-2g
V20 SE Dual SIM Gravity Black 8GB RAM 128GB 4G LTE ,v20-se-dual-sim-gravity-black-8gb-ram-128gb-4g-lte
Redmi Note 9S Dual SIM Interstellar Grey 6GB RAM 128GB 4G LTE ,redmi-note-9s-dual-sim-interstellar-grey-6gb-ram-128gb-4g-lte
9X Dual SIM Emerald Green 6GB RAM 128GB 4G LTE ,9x-dual-sim-emerald-green-6gb-ram-128gb-4g-lte
Infinity Dual SIM Red 2GB RAM 16GB 4G LTE ,infinity-dual-sim-red-2gb-ram-16gb-4g-lte
7.2 Dual SIM Ice 128GB 6GB RAM 4G LTE ,7-2-dual-sim-ice-128gb-6gb-ram-4g-lte
Camon 11 Dual Sim Midnight Black 32GB 4G LTE ,camon-11-dual-sim-midnight-black-32gb-4g-lte
8S Dual SIM Blue 2GB RAM 32GB 4G LTE ,8s-dual-sim-blue-2gb-ram-32gb-4g-lte
Xperia C4 Dual SIM White 16GB 4G LTE ,xperia-c4-dual-sim-white-16gb-4g-lte
9X Dual SIM Sapphire Blue 6GB RAM 128GB  4G LTE ,9x-dual-sim-sapphire-blue-6gb-ram-128gb-4g-lte
Galaxy A21s Dual SIM Black 4GB RAM 64GB 4G LTE - UAE Version ,galaxy-a21s-dual-sim-black-4gb-ram-64gb-4g-lte-uae-version
Galaxy A01 Dual SIM Black 2GB RAM 16GB 4G LTE ,galaxy-a01-dual-sim-black-2gb-ram-16gb-4g-lte
2.2 Dual SIM Tungsten Black 16GB 4G LTE ,2-2-dual-sim-tungsten-black-16gb-4g-lte
A1 Dual SIM Gold 4GB RAM 64GB 4G LTE ,a1-dual-sim-gold-4gb-ram-64gb-4g-lte
2053D Dual Sim Pure White 4MB 2G ,2053d-dual-sim-pure-white-4mb-2g
iPhone 11 Pro Max With FaceTime Midnight Green 256GB 4G LTE - Egypt Specs ,iphone-11-pro-max-with-facetime-midnight-green-256gb-4g-lte-egypt-specs
M6T Dual SIM Red 3GB RAM 32GB 4G LTE ,m6t-dual-sim-red-3gb-ram-32gb-4g-lte
5.3 Dual SIM Charcoal 4GB RAM 64GB 4G LTE ,5-3-dual-sim-charcoal-4gb-ram-64gb-4g-lte
Galaxy S20 Dual SIM Cloud Pink 8GB RAM 128GB 4G LTE - International Version ,galaxy-s20-dual-sim-cloud-pink-8gb-ram-128gb-4g-lte-international-version
IKU F105 Dual Sim Red 32MB RAM 32MB 3G ,iku-f105-dual-sim-red-32mb-ram-32mb-3g
A93 Dual SIM Matte Black 8GB RAM 128GB 4G LTE ,a93-dual-sim-matte-black-8gb-ram-128gb-4g-lte
8S Dual SIM Black 2GB RAM 32GB 4G ,8s-dual-sim-black-2gb-ram-32gb-4g
3L 2020 5029D Dual SIM Dark Chrome 4GB RAM 64GB 4G LTE ,3l-2020-5029d-dual-sim-dark-chrome-4gb-ram-64gb-4g-lte
IFoo U50 Dual SIM White 1GB RAM 16GB 3G ,ifoo-u50-dual-sim-white-1gb-ram-16gb-3g
Infinity Dual SIM Blue 2GB RAM 16GB 4G LTE ,infinity-dual-sim-blue-2gb-ram-16gb-4g-lte
Nova 7 SE Dual SIM Space Silver 8GB RAM 128GB 5G LTE ,nova-7-se-dual-sim-space-silver-8gb-ram-128gb-5g-lte
6i Dual SIM White Milk 4GB RAM 128GB 4G LTE ,6i-dual-sim-white-milk-4gb-ram-128gb-4g-lte
Y9A Dual SIM Sakura Pink 8GB RAM 128GB 4G LTE - UAE Version ,y9a-dual-sim-sakura-pink-8gb-ram-128gb-4g-lte-uae-version
3.2 Dual SIM Steel 32GB 4G LTE ,3-2-dual-sim-steel-32gb-4g-lte
Redmi 7 Dual SIM Eclipse Black 32GB 3GB RAM 4G LTE ,redmi-7-dual-sim-eclipse-black-32gb-3gb-ram-4g-lte
Redmi 5 Dual SIM Gold 32GB 4G LTE ,redmi-5-dual-sim-gold-32gb-4g-lte
iPhone 11 With FaceTime Black 64GB 4G LTE - International Specs ,iphone-11-with-facetime-black-64gb-4g-lte-international-specs
IKU F104 Dual Sim Yellow 32MB RAM 32MB 3G ,iku-f104-dual-sim-yellow-32mb-ram-32mb-3g
iPhone 12 Pro With Facetime 256GB Pacific Blue 5G - Middle East Version ,iphone-12-pro-with-facetime-256gb-pacific-blue-5g-middle-east-version
G3 Dual SIM White 8GB 1GB RAM 3G With Bluetooth Earphones ,g3-dual-sim-white-8gb-1gb-ram-3g-with-bluetooth-earphones
Note 8i Dual SIM Tranquil Blue 4GB RAM 128GB 4G LTE With Infinix XE18 Earbuds ,note-8i-dual-sim-tranquil-blue-4gb-ram-128gb-4g-lte-with-infinix-xe18-earbuds
4.2 Dual SIM Black 3GB RAM 32GB 4G LTE ,4-2-dual-sim-black-3gb-ram-32gb-4g-lte
Spark 2 KA7 Dual SIM Champagne Gold 16GB 3G ,spark-2-ka7-dual-sim-champagne-gold-16gb-3g
Iris 820 Dual SIM Gold 8GB 3G ,iris-820-dual-sim-gold-8gb-3g
Y8s Midnight Black 4GB RAM 64GB 4G LTE ,y8s-midnight-black-4gb-ram-64gb-4g-lte
V19 Dual SIM Gleam Black 8GB RAM 128GB 4G LTE ,v19-dual-sim-gleam-black-8gb-ram-128gb-4g-lte
Y50  Dual Sim  Iris Blue 128GB 8GB RAM 4G LTE ,y50-dual-sim-iris-blue-128gb-8gb-ram-4g-lte
105 Dual SIM White  4MB 2G ,105-dual-sim-white-4mb-2g
105 Dual SIM Black 4MB RAM 4MB 2G ,105-dual-sim-black-4mb-ram-4mb-2g
105 Dual SIM Black 4MB 2G ,105-dual-sim-black-4mb-2g
A10 Dual SIM Sapphire Blue 1GB RAM 16GB 3G ,a10-dual-sim-sapphire-blue-1gb-ram-16gb-3g
C2 Pro Dual SIM Blue 1GB RAM 8GB 3G ,c2-pro-dual-sim-blue-1gb-ram-8gb-3g
Galaxy Note10 Dual SIM Aura Black 256GB 8GB RAM 4G LTE ,galaxy-note10-dual-sim-aura-black-256gb-8gb-ram-4g-lte
iPhone SE 2020 (2nd Gen) With FaceTime Black 3GB RAM 64GB 4G LTE ,iphone-se-2020-2nd-gen-with-facetime-black-3gb-ram-64gb-4g-lte
iPhone 12 Pro With Facetime 256GB Gold 5G - Middle East Version ,iphone-12-pro-with-facetime-256gb-gold-5g-middle-east-version
X1 Dual SIM Blue 8GB 3G ,x1-dual-sim-blue-8gb-3g
Y9A Dual SIM Space Silver 8GB RAM 128GB 4G LTE ,y9a-dual-sim-space-silver-8gb-ram-128gb-4g-lte
G4 Dual Sim Smart Phone White 16GB 2GB Ram 4G with Flip Cover and Screen Protector ,g4-dual-sim-smart-phone-white-16gb-2gb-ram-4g-with-flip-cover-and-screen-protector
Cnote8 Dual SIM Blue 16GB 3G ,cnote8-dual-sim-blue-16gb-3g
Spark 2 (KA7) Dual SIM Black 16GB 3G ,spark-2-ka7-dual-sim-black-16gb-3g
Pouvoir 2 Dual SIM City Blue 16 GB 4G LTE ,pouvoir-2-dual-sim-city-blue-16-gb-4g-lte
iPhone 7 Plus With FaceTime Gold 32GB 4G LTE ,iphone-7-plus-with-facetime-gold-32gb-4g-lte
Redmi Note 8 Pro Dual SIM Mineral Grey 6GB RAM 64GB 4G LTE ,redmi-note-8-pro-dual-sim-mineral-grey-6gb-ram-64gb-4g-lte
Cnote8 Dual SIM Black 16GB 3G ,cnote8-dual-sim-black-16gb-3g
Blade L5 Dual SIM Grey 1GB 8GB 3G ,blade-l5-dual-sim-grey-1gb-8gb-3g
Pouvoir 1 Dual SIM Ice Blue 16 GB 3G ,pouvoir-1-dual-sim-ice-blue-16-gb-3g
110 Dual SIM Ocean Pink 4MB 2G ,110-dual-sim-ocean-pink-4mb-2g
Camon CM Dual Sim Midnight Black 32 GB 4G LTE ,camon-cm-dual-sim-midnight-black-32-gb-4g-lte
7.2 Dual SIM Charcoal 128GB 4GB RAM 4G LTE ,7-2-dual-sim-charcoal-128gb-4gb-ram-4g-lte
150 (2020) Dual Sim Red 4MB 2G ,150-2020-dual-sim-red-4mb-2g
iPhone 7 With FaceTime Rose Gold 32GB 4G LTE ,iphone-7-with-facetime-rose-gold-32gb-4g-lte
F18 Dual SIM Gold 16MB 16MB 2G ,f18-dual-sim-gold-16mb-16mb-2g
Alpha Dual SIM Black Gold 8GB 3G ,alpha-dual-sim-black-gold-8gb-3g
B1 Dual SIM Red 32MB 2G ,b1-dual-sim-red-32mb-2g
X1 Dual SIM Black 8GB 3G ,x1-dual-sim-black-8gb-3g
Y12 Dual SIM Aqua Blue 3GB RAM 64GB 4G LTE ,y12-dual-sim-aqua-blue-3gb-ram-64gb-4g-lte
F100 Dual SIM Black 32MB RAM 32MB 2G ,f100-dual-sim-black-32mb-ram-32mb-2g
Y30 Dual SIM Dazzle Blue 4GB RAM 128GB 4G LTE ,y30-dual-sim-dazzle-blue-4gb-ram-128gb-4g-lte
U50 Dual SIM Gold 1GB RAM 16GB 3G ,u50-dual-sim-gold-1gb-ram-16gb-3g
Hot 4 Pro Dual SIM Anthracite Grey 16GB 3G ,hot-4-pro-dual-sim-anthracite-grey-16gb-3g
10L Dual SIM Mariana Blue 6GB RAM 64GB 4G LTE ,10l-dual-sim-mariana-blue-6gb-ram-64gb-4g-lte
Z2 Dual SIM Blue 16GB 4G LTE ,z2-dual-sim-blue-16gb-4g-lte
A20 Dual Sim Grey 2GB RAM 32GB 4G LTE ,a20-dual-sim-grey-2gb-ram-32gb-4g-lte
Pouvoir 2 Dual SIM Midnight Black 16 GB 4G LTE ,pouvoir-2-dual-sim-midnight-black-16-gb-4g-lte
WE2020 Dual SIM Black 32MB RAM 32MB 2G ,we2020-dual-sim-black-32mb-ram-32mb-2g
10 SE Dual SIM Icy Silver 4GB RAM 128GB 4G LTE ,10-se-dual-sim-icy-silver-4gb-ram-128gb-4g-lte
Jazz 1 Dual SIM Black 32MB 2G ,jazz-1-dual-sim-black-32mb-2g
N6 Dual SIM Gold 2GB RAM 16GB 4G LTE ,n6-dual-sim-gold-2gb-ram-16gb-4g-lte
Note 8i Dual SIM Obsidian Black 4GB RAM 128GB 4G LTE With Infinix XE18 Earbuds ,note-8i-dual-sim-obsidian-black-4gb-ram-128gb-4g-lte-with-infinix-xe18-earbuds
Y50 Dual SIM Starry Black 8 GB RAM 128 GB 4G LTE ,y50-dual-sim-starry-black-8-gb-ram-128-gb-4g-lte
iPhone XS Max With FaceTime Silver 64GB 4G LTE - Middle East Region ,iphone-xs-max-with-facetime-silver-64gb-4g-lte-middle-east-region
Galaxy S20 FE Single SIM Cloud Mint 8GB RAM 128GB 4G LTE ,galaxy-s20-fe-single-sim-cloud-mint-8gb-ram-128gb-4g-lte
A1 Lite Dual SIM Black 32GB 4G LTE ,a1-lite-dual-sim-black-32gb-4g-lte
We2030 Dual SIM Black White 32MB RAM 32MB 2G ,we2030-dual-sim-black-white-32mb-ram-32mb-2g
B2 Dual SIM Red 32MB RAM 32MB 2G ,b2-dual-sim-red-32mb-ram-32mb-2g
i5 Dual SIM Grey 16GB 4G LTE ,i5-dual-sim-grey-16gb-4g-lte
F40 Dual SIM Red/Black 32MB RAM 32MB 2G ,f40-dual-sim-red-black-32mb-ram-32mb-2g
Redmi 5 Dual SIM Blue 32GB 4G LTE ,redmi-5-dual-sim-blue-32gb-4g-lte
F101 Dual SIM Red 32MB RAM 32MB 2G ,f101-dual-sim-red-32mb-ram-32mb-2g
Galaxy A51 Dual SIM Prism Crush Black 128GB 8GB RAM 4G LTE - UAE Version ,galaxy-a51-dual-sim-prism-crush-black-128gb-8gb-ram-4g-lte-uae-version
iPhone 8 Plus Space Grey 64GB 4G ,iphone-8-plus-space-grey-64gb-4g
Y9 (2019) Dual SIM Sapphire Blue 128GB 4GB RAM 4G LTE ,y9-2019-dual-sim-sapphire-blue-128gb-4gb-ram-4g-lte
iPhone 12 Pro With Facetime 128GB Graphite 5G - International Specs ,iphone-12-pro-with-facetime-128gb-graphite-5g-international-specs
Diamond 2 Dual SIM Grey 16GB 4G LTE ,diamond-2-dual-sim-grey-16gb-4g-lte
U50 Dual SIM White 1GB RAM 16GB 3G ,u50-dual-sim-white-1gb-ram-16gb-3g
Cobra Dual SIM Black Red 32MB 2G ,cobra-dual-sim-black-red-32mb-2g
Z2 Dual SIM Black 16GB 4G LTE ,z2-dual-sim-black-16gb-4g-lte
Galaxy A21s Dual SIM Blue 4GB RAM 64GB 4G LTE - UAE Version ,galaxy-a21s-dual-sim-blue-4gb-ram-64gb-4g-lte-uae-version
G3 Dual SIM White 1GB RAM 8GB 3G ,g3-dual-sim-white-1gb-ram-8gb-3g
8A Pro Dual SIM 64GB 3GB RAM 4G Blue ,8a-pro-dual-sim-64gb-3gb-ram-4g-blue
BM10 Wireless Dialer Mini Dual SIM Red 32MB 2G ,bm10-wireless-dialer-mini-dual-sim-red-32mb-2g
WE2020 Dual SIM Cambridge Blue 32MB RAM 32MB 2G ,we2020-dual-sim-cambridge-blue-32mb-ram-32mb-2g
Galaxy A01 Core Dual SIM Black 1GB RAM 16GB 4G LTE ,galaxy-a01-core-dual-sim-black-1gb-ram-16gb-4g-lte
A30 Dual SIM Cosmic Blue 4GB RAM 64GB 4G ,a30-dual-sim-cosmic-blue-4gb-ram-64gb-4g
Plex Dual SIM Obsidian Black 6GB RAM 128GB 4G LTE ,plex-dual-sim-obsidian-black-6gb-ram-128gb-4g-lte
B2 Dual SIM Black 32MB 2G ,b2-dual-sim-black-32mb-2g
WE2020 Dual SIM Dark Blue 32MB RAM 32MB 2G ,we2020-dual-sim-dark-blue-32mb-ram-32mb-2g
G4 Dual SIM White 2GB RAM 16GB 4G LTE ,g4-dual-sim-white-2gb-ram-16gb-4g-lte
A73 Dual SIM Classic Silver 6GB RAM 128GB 4G ,a73-dual-sim-classic-silver-6gb-ram-128gb-4g
We2030 Dual SIM Blue White 32MB RAM 32MB 2G ,we2030-dual-sim-blue-white-32mb-ram-32mb-2g
We2030 Dual SIM Red White 32MB RAM 32MB 2G ,we2030-dual-sim-red-white-32mb-ram-32mb-2g
G4 Dual SIM Blue 2GB RAM 16GB 4G LTE ,g4-dual-sim-blue-2gb-ram-16gb-4g-lte
iPhone XR Black 64GB 4G LTE (2020 - Slim Packing) - Middle East Specs ,iphone-xr-black-64gb-4g-lte-2020-slim-packing-middle-east-specs
G4 Dual SIM Gold 2GB RAM 16GB 4G LTE ,g4-dual-sim-gold-2gb-ram-16gb-4g-lte
Y11 (2019) Dual SIM Mineral Blue 3GB RAM 32GB 4G LTE ,y11-2019-dual-sim-mineral-blue-3gb-ram-32gb-4g-lte
BX Dual SIM Black 32MB RAM 32MB 2G ,bx-dual-sim-black-32mb-ram-32mb-2g
WE2020 Dual SIM Red 32MB RAM 32MB 2G ,we2020-dual-sim-red-32mb-ram-32mb-2g
A10 Dual SIM Onyx Black 1GB RAM 16GB 3G ,a10-dual-sim-onyx-black-1gb-ram-16gb-3g
Redmi 5 Dual SIM Black 32GB 4G LTE ,redmi-5-dual-sim-black-32gb-4g-lte
G4 Dual SIM White 2GB RAM 16GB 4G LTE ,g4-dual-sim-white-2gb-ram-16gb-4g-lte
Y11 (2019) Dual SIM Mineral Blue 3GB RAM 32GB 4G LTE ,y11-2019-dual-sim-mineral-blue-3gb-ram-32gb-4g-lte
G4 Dual SIM Gold 2GB RAM 16GB 4G LTE ,g4-dual-sim-gold-2gb-ram-16gb-4g-lte
Cobra Dual SIM Grey 32MB 2G ,cobra-dual-sim-grey-32mb-2g
Infinity Dual SIM Grey 2GB RAM 16GB 4G LTE ,infinity-dual-sim-grey-2gb-ram-16gb-4g-lte
A20 Dual SIM Gold 2GB RAM 32GB 4G LTE ,a20-dual-sim-gold-2gb-ram-32gb-4g-lte
G3 Dual SIM Black 1GB RAM 8GB 3G ,g3-dual-sim-black-1gb-ram-8gb-3g
8X Dual SIM Black 4GB RAM 64GB 4G LTE ,8x-dual-sim-black-4gb-ram-64gb-4g-lte
Ziox F9 Pro Dual SIM 2GB RAM 16GB Black 4G LTE ,ziox-f9-pro-dual-sim-2gb-ram-16gb-black-4g-lte
F40 Dual SIM Black 32MB RAM 32MB 2G ,f40-dual-sim-black-32mb-ram-32mb-2g
BM50 Mini Bluetooth Headset Phone Black 2G For iPhone 6/6s/6 Plus ,bm50-mini-bluetooth-headset-phone-black-2g-for-iphone-6-6s-6-plus
iPhone 12 With Facetime Dual Sim 128GB Black 5G - HK Specs ,iphone-12-with-facetime-dual-sim-128gb-black-5g-hk-specs
F40 Dual SIM Blue/Black 32MB RAM 32MB 2G ,f40-dual-sim-blue-black-32mb-ram-32mb-2g
F40 Dual SIM Grey/Black 32MB RAM 32MB 2G ,f40-dual-sim-grey-black-32mb-ram-32mb-2g
9A Dual SIM Midnight Black 3GB RAM 64GB 4G LTE ,9a-dual-sim-midnight-black-3gb-ram-64gb-4g-lte
iPhone XR (PRODUCT)RED 64GB 4G LTE (2020 - Slim Packing) - Middle East Specs ,iphone-xr-product-red-64gb-4g-lte-2020-slim-packing-middle-east-specs
FX Plus Dual SIM Black Grey 32MB 2G ,fx-plus-dual-sim-black-grey-32mb-2g
iPhone XR Black 128GB 4G LTE (2020 - Slim Packing) - Middle East Specs ,iphone-xr-black-128gb-4g-lte-2020-slim-packing-middle-east-specs
KR19 Dual SIM Black 2G ,kr19-dual-sim-black-2g
Nova 7 SE Dual SIM Midsummer Purple 8GB RAM 128GB 5G LTE ,nova-7-se-dual-sim-midsummer-purple-8gb-ram-128gb-5g-lte
BM10 Dual SIM Grey 32MB 2G ,bm10-dual-sim-grey-32mb-2g
BX Dual SIM Red 32MB 2G ,bx-dual-sim-red-32mb-2g
iPhone 7 Gold 2GB RAM 128GB 4G LTE ,iphone-7-gold-2gb-ram-128gb-4g-lte
V1 Dual SIM Prime Black 2GB RAM 32GB 4G LTE ,v1-dual-sim-prime-black-2gb-ram-32gb-4g-lte
Nile X Dual SIM Blue 64GB 4G LTE ,nile-x-dual-sim-blue-64gb-4g-lte
It2173 Dual SIM Black 4MB 2G ,it2173-dual-sim-black-4mb-2g
Y9A Dual SIM Space Silver 8GB RAM 128GB 4G LTE - KSA Version ,y9a-dual-sim-space-silver-8gb-ram-128gb-4g-lte-ksa-version
F5 Dual SIM Grey 2G ,f5-dual-sim-grey-2g
Redmi Note 8 Dual SIM Space Black 4GB RAM 64GB 4G LTE ,redmi-note-8-dual-sim-space-black-4gb-ram-64gb-4g-lte
A93 Dual SIM Metallic White 8GB RAM 128GB 4G LTE ,a93-dual-sim-metallic-white-8gb-ram-128gb-4g-lte
8A Dual SIM Green 64GB 3GB RAM 4G LTE ,8a-dual-sim-green-64gb-3gb-ram-4g-lte
1S Dual SIM Agate Green 3GB RAM 32GB 4G LTE ,1s-dual-sim-agate-green-3gb-ram-32gb-4g-lte
Galaxy A01 Core Dual SIM Blue 1GB RAM 16GB 4G LTE ,galaxy-a01-core-dual-sim-blue-1gb-ram-16gb-4g-lte
Y91C Dual SIM Ocean Blue 32GB 2GB RAM 4G LTE ,y91c-dual-sim-ocean-blue-32gb-2gb-ram-4g-lte
"2-In-1 Rugged Dual SIM, Green, 2G Power Bank Battery ",2-in-1-rugged-dual-sim-green-2g-power-bank-battery
Galaxy S20 Plus Dual SIM Cloud Blue 8GB RAM 128GB 4G LTE - International Version ,galaxy-s20-plus-dual-sim-cloud-blue-8gb-ram-128gb-4g-lte-international-version
9C Dual SIM Black 4GB RAM 64GB 4G LTE ,9c-dual-sim-black-4gb-ram-64gb-4g-lte
Galaxy M51 Dual SIM Celestial Black 6GB RAM 128GB 4G LTE ,galaxy-m51-dual-sim-celestial-black-6gb-ram-128gb-4g-lte
Galaxy S20 FE Dual SIM Cloud Lavender 8GB RAM 128GB 5G- Middle East Version ,galaxy-s20-fe-dual-sim-cloud-lavender-8gb-ram-128gb-5g-middle-east-version
Galaxy A31 Dual SIM Prism Crush White 4GB RAM 128GB 4G LTE ,galaxy-a31-dual-sim-prism-crush-white-4gb-ram-128gb-4g-lte
Galaxy A01 Core Dual Sim Black 1GB RAM 16GB 4G LTE - UAE Version ,galaxy-a01-core-dual-sim-black-1gb-ram-16gb-4g-lte-uae-version
IFoo U50 Dual SIM Black 16GB 3G ,ifoo-u50-dual-sim-black-16gb-3g
Redmi Note 9 Pro Dual SIM Glacier White 4GB RAM 64GB 4G LTE ,redmi-note-9-pro-dual-sim-glacier-white-4gb-ram-64gb-4g-lte
Galaxy A31 Dual SIM Prism Crush Black 4GB RAM 128GB 4G LTE ,galaxy-a31-dual-sim-prism-crush-black-4gb-ram-128gb-4g-lte
Marathon 2011U Dual SIM Bluish Black 4MB 2G ,marathon-2011u-dual-sim-bluish-black-4mb-2g
V100 Dual Sim Grey 256GB RAM 512MB 4G LTE ,v100-dual-sim-grey-256gb-ram-512mb-4g-lte
F1715 Dual SIM Blue 32MB RAM 32MB 3G GSM ,f1715-dual-sim-blue-32mb-ram-32mb-3g-gsm
Zero 4 Dual SIM Lilac Grey 32GB 4G LTE ,zero-4-dual-sim-lilac-grey-32gb-4g-lte
IFoo N50 Dual SIM Black 16GB 3G ,ifoo-n50-dual-sim-black-16gb-3g
Y11 (2019) Dual SIM Mineral Blue 3GB RAM 32GB 4G LTE ,y11-2019-dual-sim-mineral-blue-3gb-ram-32gb-4g-lte
S2 1801 Dual SIM Gold 32MB RAM 32MB 2G ,s2-1801-dual-sim-gold-32mb-ram-32mb-2g
Wireless Dialer Dual SIM 32MB 2G Mini Phone ,wireless-dialer-dual-sim-32mb-2g-mini-phone
iPhone 12 Pro With Facetime Dual Sim 256GB Graphite 5G - HK Specs ,iphone-12-pro-with-facetime-dual-sim-256gb-graphite-5g-hk-specs
Zero 4 Plus Dual SIM Gold/Grey 64GB 4G LTE ,zero-4-plus-dual-sim-gold-grey-64gb-4g-lte
Galaxy A51 Dual SIM Blue 8GB RAM 128G 4G LTE ,galaxy-a51-dual-sim-blue-8gb-ram-128g-4g-lte
A40 Dual SIM Black 3GB RAM 32GB 4G ,a40-dual-sim-black-3gb-ram-32gb-4g
1V Dual SIM Pine Green 2GB RAM 32GB 4G LTE ,1v-dual-sim-pine-green-2gb-ram-32gb-4g-lte
X522 Pro Hot S2 Dual SIM Black 32GB 4G LTE ,x522-pro-hot-s2-dual-sim-black-32gb-4g-lte
iPhone 12 With Facetime  64GB White 5G - Middle East Version ,iphone-12-with-facetime-64gb-white-5g-middle-east-version
A40 Dual SIM Dark Blue 4GB RAM 64GB 4G ,a40-dual-sim-dark-blue-4gb-ram-64gb-4g
A3 Dual SIM Gold 3 GB RAM 32GB 4G LTE ,a3-dual-sim-gold-3-gb-ram-32gb-4g-lte
BM10 Dual SIM Blue 512MB 2G ,bm10-dual-sim-blue-512mb-2g
Galaxy S20 FE Dual SIM Cloud Mint 8GB RAM 128GB 4G LTE- Middle East Version ,galaxy-s20-fe-dual-sim-cloud-mint-8gb-ram-128gb-4g-lte-middle-east-version
Y12 Dual SIM Aqua Blue 3GB RAM 64GB 4G LTE ,y12-dual-sim-aqua-blue-3gb-ram-64gb-4g-lte
A40 Dual SIM Gold 4GB RAM 64GB 4G ,a40-dual-sim-gold-4gb-ram-64gb-4g
A40 Dual SIM Black 4GB RAM 64GB 4G ,a40-dual-sim-black-4gb-ram-64gb-4g
Z91 Dual SIM Blue 32GB  4G LTE ,z91-dual-sim-blue-32gb-4g-lte
8A Dual SIM Black 32GB 2GB RAM 4G LTE ,8a-dual-sim-black-32gb-2gb-ram-4g-lte
Galaxy S20 FE Dual SIM Cloud Navy 8GB RAM 128GB 4G LTE- Middle East Version ,galaxy-s20-fe-dual-sim-cloud-navy-8gb-ram-128gb-4g-lte-middle-east-version
iPhone 6s Plus With FaceTime Gold 64GB 4G LTE ,iphone-6s-plus-with-facetime-gold-64gb-4g-lte
A10 Dual SIM Red Coral 1GB RAM 16GB 3G ,a10-dual-sim-red-coral-1gb-ram-16gb-3g
R240 Dual SIM Gold 256MB RAM 2G ,r240-dual-sim-gold-256mb-ram-2g
V100 Dual Sim Blue 256GB RAM 512MB 4G LTE ,v100-dual-sim-blue-256gb-ram-512mb-4g-lte
R240 Dual SIM Grey 256MB RAM 512MB 2G ,r240-dual-sim-grey-256mb-ram-512mb-2g
IKU F104 Dual Sim Blue 32MB RAM 32MB 3G ,iku-f104-dual-sim-blue-32mb-ram-32mb-3g
8S Dual SIM Black 2GB RAM 32GB 4G LTE ,8s-dual-sim-black-2gb-ram-32gb-4g-lte
V100 Dual Sim Red 256GB RAM 512MB 4G LTE ,v100-dual-sim-red-256gb-ram-512mb-4g-lte
Diamond 2 Dual SIM Gold 2GB RAM 16GB 4G LTE ,diamond-2-dual-sim-gold-2gb-ram-16gb-4g-lte
V100 Dual Sim Black 256GB RAM 512MB 4G LTE ,v100-dual-sim-black-256gb-ram-512mb-4g-lte
Nubia Red Magic Dual SIM Black 12GB RAM 128GB 5G LTE ,nubia-red-magic-dual-sim-black-12gb-ram-128gb-5g-lte
A40 Dual SIM Gold 3GB RAM 32GB 4G ,a40-dual-sim-gold-3gb-ram-32gb-4g
F16 Dual SIM White 32MB 2G ,f16-dual-sim-white-32mb-2g
R300 Dual SIM Coffee 32MB RAM 32MB 2G ,r300-dual-sim-coffee-32mb-ram-32mb-2g
Y91C Dual SIM Fusion Black 2GB RAM 16GB 4G LTE ,y91c-dual-sim-fusion-black-2gb-ram-16gb-4g-lte
R280 Dual SIM Black 32MB 2G ,r280-dual-sim-black-32mb-2g
A40 Dual SIM Dark Blue 3GB RAM 32GB 4G ,a40-dual-sim-dark-blue-3gb-ram-32gb-4g
R280 Dual SIM Grey 32MB RAM 32MB 2G ,r280-dual-sim-grey-32mb-ram-32mb-2g
R300 Dual SIM Panda Black 32MB RAM 32MB 2G ,r300-dual-sim-panda-black-32mb-ram-32mb-2g
10X Lite Dual SIM Icelandic Frost 4GB RAM 128GB 4G LTE ,10x-lite-dual-sim-icelandic-frost-4gb-ram-128gb-4g-lte
MICROMAX X1I 2017 Mobile Black ,micromax-x1i-2017-mobile-black
F2 Plus Dual SIM Black 32MB 2G ,f2-plus-dual-sim-black-32mb-2g
F50 Dual Sim Black 32MB RAM 2G ,f50-dual-sim-black-32mb-ram-2g
F16 Dual SIM Blue 256MB RAM 256MB 2G ,f16-dual-sim-blue-256mb-ram-256mb-2g
iPhone 11 Black 128GB 4G LTE (2020 - Slim Packing) - Middle East Specs ,iphone-11-black-128gb-4g-lte-2020-slim-packing-middle-east-specs
IKU F104 Dual Sim Grey 32MB RAM 32MB 3G ,iku-f104-dual-sim-grey-32mb-ram-32mb-3g
R280 Dual SIM Red 32MB RAM 32MB 2G ,r280-dual-sim-red-32mb-ram-32mb-2g
R300 Dual SIM Blue 32MB RAM 32MB 2G ,r300-dual-sim-blue-32mb-ram-32mb-2g
Spark 6 Dual SIM Ocean Blue 4GB RAM 64GB 4G LTE With Charging Power Bank Gift ,spark-6-dual-sim-ocean-blue-4gb-ram-64gb-4g-lte-with-charging-power-bank-gift
Reno 4 Pro Dual SIM Starry Night 8GB RAM 256GB 4G LTE ,reno-4-pro-dual-sim-starry-night-8gb-ram-256gb-4g-lte
V20 SE Dual SIM Oxygen Blue 8GB RAM 128GB 4G LTE ,v20-se-dual-sim-oxygen-blue-8gb-ram-128gb-4g-lte
F50 Dual Sim Red 32MB RAM 2G ,f50-dual-sim-red-32mb-ram-2g
Y8s Emerald Green 4GB RAM 64GB 4G LTE ,y8s-emerald-green-4gb-ram-64gb-4g-lte
IFoo N50 Dual SIM White 16GB 3G ,ifoo-n50-dual-sim-white-16gb-3g
F16 Dual SIM White 256MB RAM 256MB 2G ,f16-dual-sim-white-256mb-ram-256mb-2g
R240 Dual SIM Red 256MB RAM 512MB 2G ,r240-dual-sim-red-256mb-ram-512mb-2g
IKU F104 Dual Sim Red 32MB RAM 32MB 3G ,iku-f104-dual-sim-red-32mb-ram-32mb-3g
R240 Dual SIM Blue 256MB RAM 2G ,r240-dual-sim-blue-256mb-ram-2g
F16 Dual SIM Black 256MB RAM 256MB 2G ,f16-dual-sim-black-256mb-ram-256mb-2g
F50 Dual Sim Silver 32MB RAM 2G ,f50-dual-sim-silver-32mb-ram-2g
1SE 2020 5030U Dual SIM Power Grey 4GB RAM 64GB 4G LTE ,1se-2020-5030u-dual-sim-power-grey-4gb-ram-64gb-4g-lte
BM10 Dual SIM Orange 32MB RAM 32MB  2G ,bm10-dual-sim-orange-32mb-ram-32mb-2g
BM10 Dual SIM Blue 32MB 2G ,bm10-dual-sim-blue-32mb-2g
Nubia Red Magic 5S Dual Sim Pulse 256GB 12GB RAM 5G ,nubia-red-magic-5s-dual-sim-pulse-256gb-12gb-ram-5g
Nubia Red Magic 5G Dual SIM Eclipse Black 8GB RAM 128GB 5G ,nubia-red-magic-5g-dual-sim-eclipse-black-8gb-ram-128gb-5g
F16 Dual SIM Grey 256MB RAM 256MB 2G ,f16-dual-sim-grey-256mb-ram-256mb-2g
Galaxy Note10 Dual SIM Aura Glow 256GB 8GB RAM 4G LTE ,galaxy-note10-dual-sim-aura-glow-256gb-8gb-ram-4g-lte
1SE 2020 5030U Dual SIM Agate Green 4GB RAM 64GB 4G LTE ,1se-2020-5030u-dual-sim-agate-green-4gb-ram-64gb-4g-lte
R280 Dual SIM Black 32MB RAM 32MB 2G ,r280-dual-sim-black-32mb-ram-32mb-2g
A20 Dual SIM Gold 2GB RAM 32GB 4G LTE ,a20-dual-sim-gold-2gb-ram-32gb-4g-lte
iPhone 11 With FaceTime Black 64GB 4G LTE USA Specs ,iphone-11-with-facetime-black-64gb-4g-lte-usa-specs
IKU F104 Dual Sim Black 32MB RAM 32MB 3G ,iku-f104-dual-sim-black-32mb-ram-32mb-3g
F105 Dual Sim Black 32MB 2G Network ,f105-dual-sim-black-32mb-2g-network
F105 Dual Sim Black 32MB 2G Network ,f105-dual-sim-black-32mb-2g-network
Nova 7 SE Dual SIM Crush Green 8GB RAM 128GB 5G LTE ,nova-7-se-dual-sim-crush-green-8gb-ram-128gb-5g-lte
Nubia Red Magic 5S Dual Sim Silver 128GB 8GB RAM Silver 5G ,nubia-red-magic-5s-dual-sim-silver-128gb-8gb-ram-silver-5g
10X Lite Dual SIM Midnight Black 4GB RAM 128GB 4G LTE ,10x-lite-dual-sim-midnight-black-4gb-ram-128gb-4g-lte
Redmi Note 9 Dual SIM Midnight Grey 4GB RAM 128GB 4G LTE ,redmi-note-9-dual-sim-midnight-grey-4gb-ram-128gb-4g-lte
iPhone 6s With FaceTime Space Gray 32GB 4G LTE ,iphone-6s-with-facetime-space-gray-32gb-4g-lte
F104 Dual Sim Blue 32MB 2G Network ,f104-dual-sim-blue-32mb-2g-network
F105 Dual Sim Black 32MB 2G Network ,f105-dual-sim-black-32mb-2g-network
F104 Dual Sim Red 32MB 2G Network ,f104-dual-sim-red-32mb-2g-network
Galaxy S10 Dual SIM Prism White 8GB RAM 128GB 4G LTE ,galaxy-s10-dual-sim-prism-white-8gb-ram-128gb-4g-lte
iPhone XS With FaceTime Gold 64GB 4G LTE - International Specs ,iphone-xs-with-facetime-gold-64gb-4g-lte-international-specs
iPhone 11 With FaceTime Purple 128GB 4G LTE - International Specs ,iphone-11-with-facetime-purple-128gb-4g-lte-international-specs
F104 Dual Sim Yellow 32MB 2G Network ,f104-dual-sim-yellow-32mb-2g-network
iPhone XR With Facetime White 128GB 4G LTE - International Specs ,iphone-xr-with-facetime-white-128gb-4g-lte-international-specs
iPhone 8 Plus With FaceTime (PRODUCT)RED 256GB 4G LTE ,iphone-8-plus-with-facetime-product-red-256gb-4g-lte
Galaxy S20 FE Dual SIM Cloud Red 8GB RAM 128GB 4G LTE- Middle East Version ,galaxy-s20-fe-dual-sim-cloud-red-8gb-ram-128gb-4g-lte-middle-east-version
iPhone XS Max With FaceTime Silver 64GB 4G LTE - International Specs ,iphone-xs-max-with-facetime-silver-64gb-4g-lte-international-specs
iPhone X With FaceTime Silver 256GB 4G LTE ,iphone-x-with-facetime-silver-256gb-4g-lte
Y11 (2019) Dual SIM Agate Red 3GB RAM 32GB 4G LTE ,y11-2019-dual-sim-agate-red-3gb-ram-32gb-4g-lte
iPhone 8 With FaceTime Gold 256GB 4G LTE ,iphone-8-with-facetime-gold-256gb-4g-lte
iPhone 12 Pro Max With Facetime 512GB Silver 5G - Middle East Version ,iphone-12-pro-max-with-facetime-512gb-silver-5g-middle-east-version
KR12 Dual SIM Black 32 MB 2G ,kr12-dual-sim-black-32-mb-2g
iPhone XR With FaceTime Black 128GB 4G LTE - International Specs ,iphone-xr-with-facetime-black-128gb-4g-lte-international-specs
Galaxy Note10 Lite Dual SIM Aura Red 8GB RAM 128GB 4G LTE ,galaxy-note10-lite-dual-sim-aura-red-8gb-ram-128gb-4g-lte
7 Dual SIM Mist Blue 8GB RAM 128GB 4G LTE ,7-dual-sim-mist-blue-8gb-ram-128gb-4g-lte
iPhone 12 With Facetime 128GB Blue 5G - International Specs ,iphone-12-with-facetime-128gb-blue-5g-international-specs
iPhone 6s With FaceTime Silver 32GB 4G LTE ,iphone-6s-with-facetime-silver-32gb-4g-lte
iPhone 11 White 128GB 4G LTE (2020 - Slim Packing) - International Specs ,iphone-11-white-128gb-4g-lte-2020-slim-packing-international-specs
iPhone 12 With Facetime 128GB White 5G - International Specs ,iphone-12-with-facetime-128gb-white-5g-international-specs
Galaxy A10s Dual SIM Black 32GB 2GB RAM 4G LTE - KSA Version ,galaxy-a10s-dual-sim-black-32gb-2gb-ram-4g-lte-ksa-version
KR8 Dual SIM Blue 2G ,kr8-dual-sim-blue-2g
Y8S Dual SIM Midnight Black 4GB RAM 64GB 4G LTE ,y8s-dual-sim-midnight-black-4gb-ram-64gb-4g-lte
Y9 Prime Dual SIM Sapphire Blue 4GB RAM 128GB 4G LTE ,y9-prime-dual-sim-sapphire-blue-4gb-ram-128gb-4g-lte
iPhone 8 With FaceTime Silver 64GB 4G LTE ,iphone-8-with-facetime-silver-64gb-4g-lte
iPhone 7 With FaceTime Silver 128GB 4G LTE ,iphone-7-with-facetime-silver-128gb-4g-lte
iPhone 11 With FaceTime Yellow 64GB 4G LTE - International Specs ,iphone-11-with-facetime-yellow-64gb-4g-lte-international-specs
iPhone 11 Pro With FaceTime Gold 512GB 4G LTE - International Specs ,iphone-11-pro-with-facetime-gold-512gb-4g-lte-international-specs
Redmi Note 9 Dual SIM Polar White 4GB RAM 128GB 4G LTE ,redmi-note-9-dual-sim-polar-white-4gb-ram-128gb-4g-lte
iPhone 12 Mini With Facetime 128GB White 5G - Middle East Version ,iphone-12-mini-with-facetime-128gb-white-5g-middle-east-version
iPhone 11 With FaceTime Green 64GB 4G LTE - International Specs ,iphone-11-with-facetime-green-64gb-4g-lte-international-specs
iPhone SE 2020 (2nd Gen) With FaceTime White 3GB RAM 64GB 4G LTE ,iphone-se-2020-2nd-gen-with-facetime-white-3gb-ram-64gb-4g-lte
iPhone 11 (PRODUCT)RED 128GB 4G LTE (2020 - Slim Packing) - International Specs ,iphone-11-product-red-128gb-4g-lte-2020-slim-packing-international-specs
iPhone 12 With Facetime 128GB (Product) Red 5G - International Specs ,iphone-12-with-facetime-128gb-product-red-5g-international-specs
iPhone SE 2020 (2nd Gen) With FaceTime Black 3GB RAM 128GB 4G LTE ,iphone-se-2020-2nd-gen-with-facetime-black-3gb-ram-128gb-4g-lte
iPhone 12 Pro With Facetime 512GB Graphite 5G - Middle East Version ,iphone-12-pro-with-facetime-512gb-graphite-5g-middle-east-version
iPhone XS Max With FaceTime Space Grey 64GB 4G LTE - International Specs ,iphone-xs-max-with-facetime-space-grey-64gb-4g-lte-international-specs
iPhone 7 With FaceTime (PRODUCT)RED 128GB 4G LTE ,iphone-7-with-facetime-product-red-128gb-4g-lte
iPhone 7 With FaceTime Black 256GB 4G LTE ,iphone-7-with-facetime-black-256gb-4g-lte
iPhone 7 Plus With FaceTime Black 256GB 4G LTE ,iphone-7-plus-with-facetime-black-256gb-4g-lte
iPhone 11 Dual SIM With FaceTime Yellow 128GB 4G LTE - HK Specs ,iphone-11-dual-sim-with-facetime-yellow-128gb-4g-lte-hk-specs
iPhone 11 Pro Max With FaceTime Gold 512GB 4G LTE - International Specs ,iphone-11-pro-max-with-facetime-gold-512gb-4g-lte-international-specs
iPhone 12 Pro Max With Facetime 128GB Silver 5G - Middle East Version ,iphone-12-pro-max-with-facetime-128gb-silver-5g-middle-east-version
iPhone 11 Pro Max Dual SIM With FaceTime Silver 256GB 4G LTE - HK Specs ,iphone-11-pro-max-dual-sim-with-facetime-silver-256gb-4g-lte-hk-specs
iPhone 8 Plus With FaceTime Space Gray 256GB 4G LTE ,iphone-8-plus-with-facetime-space-gray-256gb-4g-lte
iPhone 12 Pro Max With Facetime Dual Sim 256GB Graphite 5G - HK Specs ,iphone-12-pro-max-with-facetime-dual-sim-256gb-graphite-5g-hk-specs
iPhone 11 Pro Max With FaceTime Space Grey 64GB 4G LTE USA Specs ,iphone-11-pro-max-with-facetime-space-grey-64gb-4g-lte-usa-specs
iPhone 7 With FaceTime Silver 256GB 4G LTE ,iphone-7-with-facetime-silver-256gb-4g-lte
iPhone 11 Dual SIM With FaceTime Purple 64GB 4G LTE - HK Specs ,iphone-11-dual-sim-with-facetime-purple-64gb-4g-lte-hk-specs
iPhone 8 Without FaceTime Space Gray 64GB 4G LTE ,iphone-8-without-facetime-space-gray-64gb-4g-lte
iPhone 6s With FaceTime Rose Gold 32GB 4G LTE ,iphone-6s-with-facetime-rose-gold-32gb-4g-lte
iPhone 12 Pro With Facetime 128GB Silver 5G - International Specs ,iphone-12-pro-with-facetime-128gb-silver-5g-international-specs
iPhone 7 With FaceTime Red 256GB 4G LTE ,iphone-7-with-facetime-red-256gb-4g-lte
iPhone 7 Plus With FaceTime Silver 256GB 4G LTE ,iphone-7-plus-with-facetime-silver-256gb-4g-lte
iPhone 11 With FaceTime Green 256GB 4G LTE - International Specs ,iphone-11-with-facetime-green-256gb-4g-lte-international-specs
iPhone 12 Pro Max With Facetime Dual Sim 256GB Gold 5G - HK Specs ,iphone-12-pro-max-with-facetime-dual-sim-256gb-gold-5g-hk-specs
Mi A2 32GB Dual SIM Gold 32GB 4G LTE ,mi-a2-32gb-dual-sim-gold-32gb-4g-lte
iPhone Xs Max With FaceTime Space Grey 256GB 4G LTE ,iphone-xs-max-with-facetime-space-grey-256gb-4g-lte
iPhone 11 Pro Max With FaceTime Space Grey 256GB 4G LTE USA Specs ,iphone-11-pro-max-with-facetime-space-grey-256gb-4g-lte-usa-specs
iPhone 11 Pro Max With FaceTime Gold 256GB 4G LTE USA Specs ,iphone-11-pro-max-with-facetime-gold-256gb-4g-lte-usa-specs
iPhone 11 Pro Max With FaceTime Midnight Green 256GB 4G LTE USA Specs ,iphone-11-pro-max-with-facetime-midnight-green-256gb-4g-lte-usa-specs
iPhone 11 Pro Max With FaceTime Silver 256GB 4G LTE USA Specs ,iphone-11-pro-max-with-facetime-silver-256gb-4g-lte-usa-specs
Y5P Dual SIM Navy 2GB RAM 32GB 4G LTE ,y5p-dual-sim-navy-2gb-ram-32gb-4g-lte
X522 Hot S2 Dual SIM Champagne Gold 16GB 4G LTE ,x522-hot-s2-dual-sim-champagne-gold-16gb-4g-lte
iPhone 11 With FaceTime (PRODUCT) RED 128GB 4G LTE -International Specs ,iphone-11-with-facetime-product-red-128gb-4g-lte-international-specs
F16 Dual SIM Blue 2G ,f16-dual-sim-blue-2g
iPhone XS Max With FaceTime Silver 256GB 4G LTE - International Specs ,iphone-xs-max-with-facetime-silver-256gb-4g-lte-international-specs
iPhone 12 Pro Max With Facetime 512GB Pacific Blue 5G - Middle East Version ,iphone-12-pro-max-with-facetime-512gb-pacific-blue-5g-middle-east-version
iPhone 7 Rose Gold 128GB 4G LTE ,iphone-7-rose-gold-128gb-4g-lte
iPhone 12 Pro Max With Facetime 256GB Silver 5G - Middle East Version ,iphone-12-pro-max-with-facetime-256gb-silver-5g-middle-east-version
iPhone 12 Pro With Facetime 512GB Silver 5G - Middle East Version ,iphone-12-pro-with-facetime-512gb-silver-5g-middle-east-version
iPhone 12 Pro Max With Facetime 128GB Pacific Blue 5G - International Specs ,iphone-12-pro-max-with-facetime-128gb-pacific-blue-5g-international-specs
iPhone 11 With FaceTime (PRODUCT) RED 256GB 4G LTE -International Specs ,iphone-11-with-facetime-product-red-256gb-4g-lte-international-specs
iPhone X With FaceTime Space Gray 64GB 4G LTE ,iphone-x-with-facetime-space-gray-64gb-4g-lte
iPhone 11 Green 128GB 4G LTE (2020 - Slim Packing) - International Specs ,iphone-11-green-128gb-4g-lte-2020-slim-packing-international-specs
iPhone 12 Pro Max With Facetime 256GB Pacific Blue 5G - International Specs ,iphone-12-pro-max-with-facetime-256gb-pacific-blue-5g-international-specs
iPhone 12 With Facetime 128GB Black 5G - International Specs ,iphone-12-with-facetime-128gb-black-5g-international-specs
iPhone 12 With Facetime  64GB Black 5G - Middle East Version ,iphone-12-with-facetime-64gb-black-5g-middle-east-version
iPhone XR With FaceTime Red 128GB 4G LTE - International Specs ,iphone-xr-with-facetime-red-128gb-4g-lte-international-specs
iPhone 12 Pro Max With Facetime 256GB Gold 5G - International Specs ,iphone-12-pro-max-with-facetime-256gb-gold-5g-international-specs
iPhone 12 Pro Max With Facetime 128GB Graphite 5G - International Specs ,iphone-12-pro-max-with-facetime-128gb-graphite-5g-international-specs
iPhone 12 Pro Max With Facetime 128GB Gold 5G - International Specs ,iphone-12-pro-max-with-facetime-128gb-gold-5g-international-specs
iPhone 8 Plus With FaceTime Gold 64GB 4G LTE ,iphone-8-plus-with-facetime-gold-64gb-4g-lte
F18 Dual SIM Silver 2G ,f18-dual-sim-silver-2g
DR15 Dual SIM Black 2G ,dr15-dual-sim-black-2g
iPhone 11 Pro Max With FaceTime Gold 64GB 4G LTE - Egypt Specs ,iphone-11-pro-max-with-facetime-gold-64gb-4g-lte-egypt-specs
iPhone 11 With FaceTime (PRODUCT) RED 128GB 4G LTE - Egypt Specs ,iphone-11-with-facetime-product-red-128gb-4g-lte-egypt-specs
Galaxy S20 Dual SIM Cloud Blue 8GB RAM 128GB 4G LTE ,galaxy-s20-dual-sim-cloud-blue-8gb-ram-128gb-4g-lte
iPhone 11 Pro With FaceTime Gold 256GB 4G LTE - Egypt Specs ,iphone-11-pro-with-facetime-gold-256gb-4g-lte-egypt-specs
D1 Dual SIM 16MB RAM 16MB 2G Black/Blue ,d1-dual-sim-16mb-ram-16mb-2g-black-blue
Galaxy S20+ Dual SIM Cloud Blue 8GB RAM 128GB 4G LTE With Galaxy Buds ,galaxy-s20-dual-sim-cloud-blue-8gb-ram-128gb-4g-lte-with-galaxy-buds
iPhone 11 With FaceTime Purple 256GB 4G LTE - Egypt Specs ,iphone-11-with-facetime-purple-256gb-4g-lte-egypt-specs
iPhone 11 With FaceTime Yellow 64GB 4G LTE - Egypt Specs ,iphone-11-with-facetime-yellow-64gb-4g-lte-egypt-specs
iPhone 11 Pro Max With FaceTime Midnight Green 64GB 4G LTE - Egypt Specs ,iphone-11-pro-max-with-facetime-midnight-green-64gb-4g-lte-egypt-specs
iPhone 11 With FaceTime (PRODUCT) RED 64GB 4G LTE - Egypt Specs ,iphone-11-with-facetime-product-red-64gb-4g-lte-egypt-specs
iPhone 11 With FaceTime Black 128GB 4G LTE - International Specs ,iphone-11-with-facetime-black-128gb-4g-lte-international-specs
iPhone 11 Dual SIM With FaceTime (PRODUCT) RED 128GB 4G LTE - HK Specs ,iphone-11-dual-sim-with-facetime-product-red-128gb-4g-lte-hk-specs
iPhone 11 Black 128GB 4G LTE (2020 - Slim Packing) - International Specs ,iphone-11-black-128gb-4g-lte-2020-slim-packing-international-specs
iPhone 7 With FaceTime Black 128GB 4G LTE ,iphone-7-with-facetime-black-128gb-4g-lte
Galaxy J2 Core Dual SIM Lavender 8GB 1GB RAM 4G LTE ,galaxy-j2-core-dual-sim-lavender-8gb-1gb-ram-4g-lte
iPhone 11 Pro With FaceTime Midnight Green 256GB 4G LTE - Egypt Specs ,iphone-11-pro-with-facetime-midnight-green-256gb-4g-lte-egypt-specs
T3 Dual SIM Gold 2G ,t3-dual-sim-gold-2g
T1 Dual SIM Gold 2G ,t1-dual-sim-gold-2g
iPhone 11 Pro With FaceTime Midnight Green 64GB 4G LTE - International Specs ,iphone-11-pro-with-facetime-midnight-green-64gb-4g-lte-international-specs
iPhone 11 Pro With FaceTime Space Gray 256GB 4G LTE - Egypt Specs ,iphone-11-pro-with-facetime-space-gray-256gb-4g-lte-egypt-specs
iPhone 11 Pro Max With FaceTime Space Gray 256GB 4G LTE - Egypt Specs ,iphone-11-pro-max-with-facetime-space-gray-256gb-4g-lte-egypt-specs
iPhone 6s Plus With FaceTime Silver 64GB 4G LTE ,iphone-6s-plus-with-facetime-silver-64gb-4g-lte
Galaxy Note20 Ultra Dual SIM Mystic Black 8GB RAM 256GB 4G LTE - International Version ,galaxy-note20-ultra-dual-sim-mystic-black-8gb-ram-256gb-4g-lte-international-version
iPhone 11 With FaceTime Black 128GB 4G LTE - Egypt Specs ,iphone-11-with-facetime-black-128gb-4g-lte-egypt-specs
iPhone 11 With FaceTime Purple 128GB 4G LTE - Egypt Specs ,iphone-11-with-facetime-purple-128gb-4g-lte-egypt-specs
BM50 Black 2G ,bm50-black-2g
iPhone Xs With FaceTime Silver 256GB 4G LTE ,iphone-xs-with-facetime-silver-256gb-4g-lte
iPhone 11 Pro Max With FaceTime Silver 64GB 4G LTE - Egypt Specs ,iphone-11-pro-max-with-facetime-silver-64gb-4g-lte-egypt-specs
iPhone 6s Plus Without FaceTime Rose Gold 64GB 4G LTE ,iphone-6s-plus-without-facetime-rose-gold-64gb-4g-lte
Note 8 Dual SIM Iceland Fantasy 6GB RAM 128GB 4G LTE With Infinix XE16 Earbuds ,note-8-dual-sim-iceland-fantasy-6gb-ram-128gb-4g-lte-with-infinix-xe16-earbuds
Note 8i Dual SIM Tranquil Blue 6GB RAM 128GB 4G LTE With Infinix XE18 Earbuds ,note-8i-dual-sim-tranquil-blue-6gb-ram-128gb-4g-lte-with-infinix-xe18-earbuds
CAT S61 Dual SIM Black 4GB RAM 64GB 4G LTE ,cat-s61-dual-sim-black-4gb-ram-64gb-4g-lte
Shark 3 Dual SIM Black 8GB RAM 128GB 5G LTE ,shark-3-dual-sim-black-8gb-ram-128gb-5g-lte
330BM50 Single Sim White 512MB 2G ,330bm50-single-sim-white-512mb-2g
Galaxy S20 Plus Single SIM Cloud Blue 8GB RAM 128GB 4G LTE ,galaxy-s20-plus-single-sim-cloud-blue-8gb-ram-128gb-4g-lte
iPhone XS With FaceTime Gold 64GB 4G LTE - Middle East Region ,iphone-xs-with-facetime-gold-64gb-4g-lte-middle-east-region
iPhone 11 Pro With FaceTime Silver 256GB 4G LTE - Egypt Specs ,iphone-11-pro-with-facetime-silver-256gb-4g-lte-egypt-specs
KR12 Dual Sim Green 2G ,kr12-dual-sim-green-2g
iPhone 11 Pro With FaceTime Silver 256GB 4G LTE USA Specs ,iphone-11-pro-with-facetime-silver-256gb-4g-lte-usa-specs
F16 Dual SIM Red 256MB RAM 256MB 2G ,f16-dual-sim-red-256mb-ram-256mb-2g
BM50 Mini Bluetooth Headset Phone Black 2G ,bm50-mini-bluetooth-headset-phone-black-2g
iPhone 11 With FaceTime Black 128GB 4G LTE USA Specs ,iphone-11-with-facetime-black-128gb-4g-lte-usa-specs
Infinity Max Dual SIM Grey 3GB RAM 16GB 4G LTE ,infinity-max-dual-sim-grey-3gb-ram-16gb-4g-lte
KR6 Dual SIM Silver 3G ,kr6-dual-sim-silver-3g
KR6 Dual SIM Orange 3G ,kr6-dual-sim-orange-3g
KR6 Dual SIM Navy Blue 3G ,kr6-dual-sim-navy-blue-3g
Infinity Max Dual SIM Red 3GB RAM 16GB 4G LTE ,infinity-max-dual-sim-red-3gb-ram-16gb-4g-lte
Iphone 11 Pro Max dual_sim Silver 4 GB 256 gb 4G LTE With Free gift back cover (Color May Vary) ,iphone-11-pro-max-dual-sim-silver-4-gb-256-gb-4g-lte-with-free-gift-back-cover-color-may-vary
iPhone 7 Plus single_sim Black 3 GB 32 gb 4G LTE With Free gift back cover (Color May Vary) ,iphone-7-plus-single-sim-black-3-gb-32-gb-4g-lte-with-free-gift-back-cover-color-may-vary
iPhone 7 single_sim (Product) Red 2 GB 128 gb 4G LTE With Free gift back cover (Color May Vary) ,iphone-7-single-sim-product-red-2-gb-128-gb-4g-lte-with-free-gift-back-cover-color-may-vary
F105 Dual Sim Black 32MB 2G Network ,f105-dual-sim-black-32mb-2g-network
1SE 2020 5030U Dual SIM Power Grey 3GB RAM 32GB 4G LTE ,1se-2020-5030u-dual-sim-power-grey-3gb-ram-32gb-4g-lte
1SE 2020 5030U Dual SIM Agate Green 3GB RAM 32GB 4G LTE ,1se-2020-5030u-dual-sim-agate-green-3gb-ram-32gb-4g-lte
3X 2020 5061U Dual SIM Jewelry Black 4GB RAM 64GB 4G LTE ,3x-2020-5061u-dual-sim-jewelry-black-4gb-ram-64gb-4g-lte
E60 Dual SIM Dark Blue 256MB RAM 512MB 2G ,e60-dual-sim-dark-blue-256mb-ram-512mb-2g
iPhone SE 2020 - Slim Packing (2nd-gen) 64GB White - International Specs ,iphone-se-2020-slim-packing-2nd-gen-64gb-white-international-specs
Note 8i Dual SIM Ice Diamond 4GB RAM 128GB 4G LTE With Infinix XE18 Earbuds ,note-8i-dual-sim-ice-diamond-4gb-ram-128gb-4g-lte-with-infinix-xe18-earbuds
Note 8i Dual SIM Obsidian Black 4GB RAM 64GB 4G LTE With Infinix XE18 Earbuds ,note-8i-dual-sim-obsidian-black-4gb-ram-64gb-4g-lte-with-infinix-xe18-earbuds
Note 8i Dual SIM Ice Diamond 6GB RAM 128GB 4G LTE With Infinix XE18 Earbuds ,note-8i-dual-sim-ice-diamond-6gb-ram-128gb-4g-lte-with-infinix-xe18-earbuds
Note 8i Dual SIM Obsidian Black 6GB RAM 128GB 4G LTE With Infinix XE18 Earbuds ,note-8i-dual-sim-obsidian-black-6gb-ram-128gb-4g-lte-with-infinix-xe18-earbuds
Note 8 Dual SIM Obsidian Black 4GB RAM 64GB 4G LTE With Infinix XE16 Earbuds ,note-8-dual-sim-obsidian-black-4gb-ram-64gb-4g-lte-with-infinix-xe16-earbuds
Note 8 Dual SIM Tranquil Blue 4GB RAM 128GB 4G LTE With Infinix XE16 Earbuds ,note-8-dual-sim-tranquil-blue-4gb-ram-128gb-4g-lte-with-infinix-xe16-earbuds
Note 8 Dual SIM Tranquil Blue 4GB RAM 64GB 4G LTE With Infinix XE16 Earbuds ,note-8-dual-sim-tranquil-blue-4gb-ram-64gb-4g-lte-with-infinix-xe16-earbuds
Note 8 Dual SIM Ice Diamond 4GB RAM 64GB 4G LTE With Infinix XE16 Earbuds ,note-8-dual-sim-ice-diamond-4gb-ram-64gb-4g-lte-with-infinix-xe16-earbuds
Note 8i Dual SIM Ice Diamond 4GB RAM 64GB 4G LTE With Infinix XE18 Earbuds ,note-8i-dual-sim-ice-diamond-4gb-ram-64gb-4g-lte-with-infinix-xe18-earbuds
Note 8i Dual SIM Tranquil Blue 4GB RAM 64GB 4G LTE With Infinix XE18 Earbuds ,note-8i-dual-sim-tranquil-blue-4gb-ram-64gb-4g-lte-with-infinix-xe18-earbuds
Note 8 Dual SIM Ice Diamond 4GB RAM 128GB 4G LTE With Infinix XE16 Earbuds ,note-8-dual-sim-ice-diamond-4gb-ram-128gb-4g-lte-with-infinix-xe16-earbuds
Note 8 Dual SIM Obsidian Black 4GB RAM 128GB 4G LTE With Infinix XE16 Earbuds ,note-8-dual-sim-obsidian-black-4gb-ram-128gb-4g-lte-with-infinix-xe16-earbuds
Note 8 Dual SIM Silver Diamond 4GB RAM 128GB 4G LTE ,note-8-dual-sim-silver-diamond-4gb-ram-128gb-4g-lte
Note 8i Dual SIM Ice Diamond 4GB RAM 64GB 4G LTE ,note-8i-dual-sim-ice-diamond-4gb-ram-64gb-4g-lte
Note 8i Dual SIM Tranquil Blue 4GB RAM 64GB 4G LTE ,note-8i-dual-sim-tranquil-blue-4gb-ram-64gb-4g-lte
Note 8 Dual SIM Silver Diamond 4GB RAM 64GB 4G LTE ,note-8-dual-sim-silver-diamond-4gb-ram-64gb-4g-lte
Note 8i Dual SIM Tranquil Blue 6GB RAM 128GB 4G LTE ,note-8i-dual-sim-tranquil-blue-6gb-ram-128gb-4g-lte
Note 8i Dual SIM Ice Diamond 4GB RAM 128GB 4G LTE ,note-8i-dual-sim-ice-diamond-4gb-ram-128gb-4g-lte
Note 8i Dual SIM Ice Diamond 6GB RAM 128GB 4G LTE ,note-8i-dual-sim-ice-diamond-6gb-ram-128gb-4g-lte
Note 8 Dual SIM Iceland Fantasy 4GB RAM 64GB 4G LTE ,note-8-dual-sim-iceland-fantasy-4gb-ram-64gb-4g-lte
Note 8i Dual SIM Obsidian Black 6GB RAM 128GB 4G LTE ,note-8i-dual-sim-obsidian-black-6gb-ram-128gb-4g-lte
Note 8 Dual SIM Iceland Fantasy 4GB RAM 128GB 4G LTE ,note-8-dual-sim-iceland-fantasy-4gb-ram-128gb-4g-lte
Note 8i Dual SIM Obsidian Black 4GB RAM 64GB 4G LTE ,note-8i-dual-sim-obsidian-black-4gb-ram-64gb-4g-lte
iPhone SE 2020 - Slim Packing (2nd-gen) 64GB (Product) Red - International Specs ,iphone-se-2020-slim-packing-2nd-gen-64gb-product-red-international-specs
iPhone SE 2020 - Slim Packing (2nd-gen) 64GB Black - International Specs ,iphone-se-2020-slim-packing-2nd-gen-64gb-black-international-specs
iPhone 12 Pro Max With Facetime 512GB Pacific Blue 5G - International Specs ,iphone-12-pro-max-with-facetime-512gb-pacific-blue-5g-international-specs
iPhone 11 White 128GB 4G LTE (2020 - Slim Packing) - Middle East Specs ,iphone-11-white-128gb-4g-lte-2020-slim-packing-middle-east-specs
Mi 10T Pro Dual Sim Aurora Blue 8GB RAM 256GB 5G With Xiaomi Mi Band 5 ,mi-10t-pro-dual-sim-aurora-blue-8gb-ram-256gb-5g-with-xiaomi-mi-band-5
Mi 10T Dual SIM Aurora Blue 8GB RAM 128GB 5G With Xiaomi Mi Band 5 ,mi-10t-dual-sim-aurora-blue-8gb-ram-128gb-5g-with-xiaomi-mi-band-5
iPhone 8 Plus single_sim (PRODUCT)Red 3 GB 64 gb 4G LTE With Free gift back cover (Color May Vary) ,iphone-8-plus-single-sim-product-red-3-gb-64-gb-4g-lte-with-free-gift-back-cover-color-may-vary
iPhone 7 Plus single_sim Silver 3 GB 256 gb 4G LTE With Free gift back cover (Color May Vary) ,iphone-7-plus-single-sim-silver-3-gb-256-gb-4g-lte-with-free-gift-back-cover-color-may-vary
iPhone X single_sim Silver 3 GB 256 gb 4G LTE With Free gift back cover (Color May Vary) ,iphone-x-single-sim-silver-3-gb-256-gb-4g-lte-with-free-gift-back-cover-color-may-vary
iPhone 7 Plus single_sim Black 3 GB 256 gb 4G LTE With Free gift back cover (Color May Vary) ,iphone-7-plus-single-sim-black-3-gb-256-gb-4g-lte-with-free-gift-back-cover-color-may-vary
iPhone 7 single_sim Gold 2 GB 128 gb 4G LTE With Free gift back cover (Color May Vary) ,iphone-7-single-sim-gold-2-gb-128-gb-4g-lte-with-free-gift-back-cover-color-may-vary
iPhone 7 single_sim Red 2 GB 256 gb 4G LTE With Free gift back cover (Color May Vary) ,iphone-7-single-sim-red-2-gb-256-gb-4g-lte-with-free-gift-back-cover-color-may-vary
iPhone 11 single_sim (PRODUCT)RED 4 GB 256 gb 4G LTE With Free gift back cover (Color May Vary) ,iphone-11-single-sim-product-red-4-gb-256-gb-4g-lte-with-free-gift-back-cover-color-may-vary
iPhone 7 single_sim Silver 2 GB 128 GB 4G LTE With Free gift back cover (Color May Vary) ,iphone-7-single-sim-silver-2-gb-128-gb-4g-lte-with-free-gift-back-cover-color-may-vary
iPhone XR dual_sim Blue 3 GB 64 gb 4G LTE With Free gift back cover (Color May Vary) ,iphone-xr-dual-sim-blue-3-gb-64-gb-4g-lte-with-free-gift-back-cover-color-may-vary
iPhone 7 Plus single_sim Gold 3 GB 32 gb 4G LTE With Free gift back cover (Color May Vary) ,iphone-7-plus-single-sim-gold-3-gb-32-gb-4g-lte-with-free-gift-back-cover-color-may-vary
iPhone X single_sim Space Gray 3 GB 64 gb 4G LTE With Free gift back cover (Color May Vary) ,iphone-x-single-sim-space-gray-3-gb-64-gb-4g-lte-with-free-gift-back-cover-color-may-vary
iPhone 11 single_sim Black 4 GB 128 gb 4G LTE With Free gift back cover (Color May Vary) ,iphone-11-single-sim-black-4-gb-128-gb-4g-lte-with-free-gift-back-cover-color-may-vary
Iphone 8 Plus single_sim (PRODUCT)Red 3 GB 256 gb 4G LTE With Free gift back cover (Color May Vary) ,iphone-8-plus-single-sim-product-red-3-gb-256-gb-4g-lte-with-free-gift-back-cover-color-may-vary
Iphone 11 dual_sim Yellow 4 GB 128 gb 4G LTE With Free gift back cover (Color May Vary) ,iphone-11-dual-sim-yellow-4-gb-128-gb-4g-lte-with-free-gift-back-cover-color-may-vary
Pixel 4A Just Black 8GB RAM 128GB 4G LTE ,pixel-4a-just-black-8gb-ram-128gb-4g-lte
3X 2020 5061U Dual SIM Jewelry Green 4GB RAM 64GB 4G LTE ,3x-2020-5061u-dual-sim-jewelry-green-4gb-ram-64gb-4g-lte
Note 8 Dual SIM Deepsea Luster 4GB RAM 64GB 4G LTE ,note-8-dual-sim-deepsea-luster-4gb-ram-64gb-4g-lte
Note 8 Dual SIM Deepsea Luster 4GB RAM 128GB 4G LTE ,note-8-dual-sim-deepsea-luster-4gb-ram-128gb-4g-lte
Spark 6 Dual SIM Misty Violet 4GB RAM 128GB 4G LTE With TWS-817K Bluetooth In-Ear Earbuds ,spark-6-dual-sim-misty-violet-4gb-ram-128gb-4g-lte-with-tws-817k-bluetooth-in-ear-earbuds
Spark 6 Dual SIM Dynamic Orange 4GB RAM 128GB 4G LTE With TWS-817K Bluetooth In-Ear Earbuds ,spark-6-dual-sim-dynamic-orange-4gb-ram-128gb-4g-lte-with-tws-817k-bluetooth-in-ear-earbuds
Spark 6 Dual SIM Comet Black 4GB RAM 128GB 4G LTE With Charging Power Bank Gift ,spark-6-dual-sim-comet-black-4gb-ram-128gb-4g-lte-with-charging-power-bank-gift
Spark 6 Dual SIM Dynamic Orange 4GB RAM 64GB 4G LTE With Charging Power Bank Gift ,spark-6-dual-sim-dynamic-orange-4gb-ram-64gb-4g-lte-with-charging-power-bank-gift
Spark 6 Dual SIM Misty Violet 4GB RAM 64GB 4G LTE With TWS-817K Bluetooth In-Ear Earbuds ,spark-6-dual-sim-misty-violet-4gb-ram-64gb-4g-lte-with-tws-817k-bluetooth-in-ear-earbuds
Iphone 8 Plus single_sim Gray 3 GB 256 gb 4G LTE With Free gift back cover (Color May Vary) ,iphone-8-plus-single-sim-gray-3-gb-256-gb-4g-lte-with-free-gift-back-cover-color-may-vary
Iphone 11 dual_sim (PRODUCT)RED 4 GB 128 gb 4G LTE With Free gift back cover (Color May Vary) ,iphone-11-dual-sim-product-red-4-gb-128-gb-4g-lte-with-free-gift-back-cover-color-may-vary
10X Lite Dual SIM Midnight Black 4GB RAM 128GB 4G LTE With Honor Smart Scale 2 ,10x-lite-dual-sim-midnight-black-4gb-ram-128gb-4g-lte-with-honor-smart-scale-2
10X Lite Dual SIM Icelandic Frost 4GB RAM 128GB 4G LTE With Honor Smart Scale 2 ,10x-lite-dual-sim-icelandic-frost-4gb-ram-128gb-4g-lte-with-honor-smart-scale-2
Hot 10 X682C Dual SIM Amber Red 4GB RAM 128GB 4G LTE ,hot-10-x682c-dual-sim-amber-red-4gb-ram-128gb-4g-lte
Nova 7I Dual SIM Skyline Grey 8GB RAM 128GB 4G LTE ,nova-7i-dual-sim-skyline-grey-8gb-ram-128gb-4g-lte
Y9S Dual SIM Phantom Purple 6GB RAM 128GB 4G LTE ,y9s-dual-sim-phantom-purple-6gb-ram-128gb-4g-lte
Marathon 2011U Dual SIM Prime Black 4MB 2G ,marathon-2011u-dual-sim-prime-black-4mb-2g
